time,sex,classif1,classif2,obs_value,age_extracted
2020,Sex: Male,"Age (Youth, adults): 15+",nan,12142.3,"(15, None)"
2020,Sex: Male,"Age (Youth, adults): 15-24",nan,2563.943,"(15, 24)"
2020,Sex: Male,"Age (Youth, adults): 25+",nan,9578.357,"(25, None)"
2020,Sex: Female,"Age (Youth, adults): 15+",nan,12328.985,"(15, None)"
2020,Sex: Female,"Age (Youth, adults): 15-24",nan,2517.194,"(15, 24)"
2020,Sex: Female,"Age (Youth, adults): 25+",nan,9811.791,"(25, None)"
2020,Sex: Male,Age (Aggregate bands): <15,nan,1491.699,"(15, 15)"
2020,Sex: Male,Age (Aggregate bands): 15-24,nan,2563.943,"(15, 24)"
2020,Sex: Female,Age (Aggregate bands): <15,nan,1419.733,"(15, 15)"
2020,Sex: Female,Age (Aggregate bands): 15-24,nan,2517.194,"(15, 24)"
2020,Sex: Male,Age (10-year bands): <15,nan,1491.699,"(15, 15)"
2020,Sex: Male,Age (10-year bands): 15-24,nan,2563.943,"(15, 24)"
2020,Sex: Female,Age (10-year bands): <15,nan,1419.733,"(15, 15)"
2020,Sex: Female,Age (10-year bands): 15-24,nan,2517.194,"(15, 24)"
2020,Sex: Male,Age (5-year bands): 15-19,nan,1323.535,"(15, 19)"
2020,Sex: Male,Age (5-year bands): 20-24,nan,1240.408,"(20, 24)"
2020,Sex: Male,Age (5-year bands): 25-29,nan,1209.795,"(25, 29)"
2020,Sex: Female,Age (5-year bands): 15-19,nan,1297.276,"(15, 19)"
2020,Sex: Female,Age (5-year bands): 20-24,nan,1219.918,"(20, 24)"
2020,Sex: Female,Age (5-year bands): 25-29,nan,1335.217,"(25, 29)"
2017,Sex: Male,"Age (Youth, adults): 15+",nan,11470.544,"(15, None)"
2017,Sex: Male,"Age (Youth, adults): 15-24",nan,2759.851,"(15, 24)"
2017,Sex: Male,"Age (Youth, adults): 25+",nan,8710.693,"(25, None)"
2017,Sex: Female,"Age (Youth, adults): 15+",nan,11652.072,"(15, None)"
2017,Sex: Female,"Age (Youth, adults): 15-24",nan,2629.61,"(15, 24)"
2017,Sex: Female,"Age (Youth, adults): 25+",nan,9022.462,"(25, None)"
2017,Sex: Male,Age (Aggregate bands): 15-24,nan,2759.851,"(15, 24)"
2017,Sex: Female,Age (Aggregate bands): 15-24,nan,2629.61,"(15, 24)"
2017,Sex: Male,Age (10-year bands): 15-24,nan,2759.851,"(15, 24)"
2017,Sex: Female,Age (10-year bands): 15-24,nan,2629.61,"(15, 24)"
2017,Sex: Male,Age (5-year bands): 15-19,nan,1405.772,"(15, 19)"
2017,Sex: Male,Age (5-year bands): 20-24,nan,1354.079,"(20, 24)"
2017,Sex: Male,Age (5-year bands): 25-29,nan,1315.843,"(25, 29)"
2017,Sex: Female,Age (5-year bands): 15-19,nan,1331.611,"(15, 19)"
2017,Sex: Female,Age (5-year bands): 20-24,nan,1297.999,"(20, 24)"
2017,Sex: Female,Age (5-year bands): 25-29,nan,1283.211,"(25, 29)"
2016,Sex: Male,"Age (Youth, adults): 15+",nan,11164.025,"(15, None)"
2016,Sex: Male,"Age (Youth, adults): 15-24",nan,2736.641,"(15, 24)"
2016,Sex: Male,"Age (Youth, adults): 25+",nan,8427.384,"(25, None)"
2016,Sex: Female,"Age (Youth, adults): 15+",nan,11338.0,"(15, None)"
2016,Sex: Female,"Age (Youth, adults): 15-24",nan,2610.679,"(15, 24)"
2016,Sex: Female,"Age (Youth, adults): 25+",nan,8727.321,"(25, None)"
2016,Sex: Male,Age (Aggregate bands): 15-24,nan,2736.641,"(15, 24)"
2016,Sex: Female,Age (Aggregate bands): 15-24,nan,2610.679,"(15, 24)"
2016,Sex: Male,Age (10-year bands): 15-24,nan,2736.641,"(15, 24)"
2016,Sex: Female,Age (10-year bands): 15-24,nan,2610.679,"(15, 24)"
2016,Sex: Male,Age (5-year bands): 15-19,nan,1392.899,"(15, 19)"
2016,Sex: Male,Age (5-year bands): 20-24,nan,1343.742,"(20, 24)"
2016,Sex: Male,Age (5-year bands): 25-29,nan,1312.537,"(25, 29)"
2016,Sex: Female,Age (5-year bands): 15-19,nan,1320.319,"(15, 19)"
2016,Sex: Female,Age (5-year bands): 20-24,nan,1290.36,"(20, 24)"
2016,Sex: Female,Age (5-year bands): 25-29,nan,1283.54,"(25, 29)"
2013,Sex: Male,"Age (Youth, adults): 15+",nan,10659.959,"(15, None)"
2013,Sex: Female,"Age (Youth, adults): 15+",nan,10812.51,"(15, None)"
2012,Sex: Male,"Age (Youth, adults): 15+",nan,10463.338,"(15, None)"
2012,Sex: Male,"Age (Youth, adults): 15-24",nan,2720.74,"(15, 24)"
2012,Sex: Male,"Age (Youth, adults): 25+",nan,7742.598,"(25, None)"
2012,Sex: Female,"Age (Youth, adults): 15+",nan,10603.142,"(15, None)"
2012,Sex: Female,"Age (Youth, adults): 15-24",nan,2635.938,"(15, 24)"
2012,Sex: Female,"Age (Youth, adults): 25+",nan,7967.204,"(25, None)"
2012,Sex: Male,Age (Aggregate bands): 15-24,nan,2720.74,"(15, 24)"
2012,Sex: Female,Age (Aggregate bands): 15-24,nan,2635.938,"(15, 24)"
2012,Sex: Male,Age (10-year bands): 15-24,nan,2720.74,"(15, 24)"
2012,Sex: Female,Age (10-year bands): 15-24,nan,2635.938,"(15, 24)"
2012,Sex: Male,Age (5-year bands): 15-19,nan,1372.209,"(15, 19)"
2012,Sex: Male,Age (5-year bands): 20-24,nan,1348.531,"(20, 24)"
2012,Sex: Male,Age (5-year bands): 25-29,nan,1261.961,"(25, 29)"
2012,Sex: Female,Age (5-year bands): 15-19,nan,1321.766,"(15, 19)"
2012,Sex: Female,Age (5-year bands): 20-24,nan,1314.171,"(20, 24)"
2012,Sex: Female,Age (5-year bands): 25-29,nan,1247.331,"(25, 29)"
2011,Sex: Male,"Age (Youth, adults): 15+",nan,10264.97,"(15, None)"
2011,Sex: Male,"Age (Youth, adults): 15-24",nan,2716.492,"(15, 24)"
2011,Sex: Male,"Age (Youth, adults): 25+",nan,7548.478,"(25, None)"
2011,Sex: Female,"Age (Youth, adults): 15+",nan,10394.291,"(15, None)"
2011,Sex: Female,"Age (Youth, adults): 15-24",nan,2632.502,"(15, 24)"
2011,Sex: Female,"Age (Youth, adults): 25+",nan,7761.789,"(25, None)"
2011,Sex: Male,Age (Aggregate bands): 15-24,nan,2716.492,"(15, 24)"
2011,Sex: Female,Age (Aggregate bands): 15-24,nan,2632.502,"(15, 24)"
2011,Sex: Male,Age (10-year bands): 15-24,nan,2716.492,"(15, 24)"
2011,Sex: Female,Age (10-year bands): 15-24,nan,2632.502,"(15, 24)"
2011,Sex: Male,Age (5-year bands): 15-19,nan,1369.437,"(15, 19)"
2011,Sex: Male,Age (5-year bands): 20-24,nan,1347.055,"(20, 24)"
2011,Sex: Male,Age (5-year bands): 25-29,nan,1239.928,"(25, 29)"
2011,Sex: Female,Age (5-year bands): 15-19,nan,1319.315,"(15, 19)"
2011,Sex: Female,Age (5-year bands): 20-24,nan,1313.187,"(20, 24)"
2011,Sex: Female,Age (5-year bands): 25-29,nan,1226.381,"(25, 29)"
2010,Sex: Male,"Age (Youth, adults): 15+",nan,10065.342,"(15, None)"
2010,Sex: Male,"Age (Youth, adults): 15-24",nan,2709.472,"(15, 24)"
2010,Sex: Male,"Age (Youth, adults): 25+",nan,7355.87,"(25, None)"
2010,Sex: Female,"Age (Youth, adults): 15+",nan,10183.18,"(15, None)"
2010,Sex: Female,"Age (Youth, adults): 15-24",nan,2627.01,"(15, 24)"
2010,Sex: Female,"Age (Youth, adults): 25+",nan,7556.17,"(25, None)"
2010,Sex: Male,Age (Aggregate bands): 15-24,nan,2709.472,"(15, 24)"
2010,Sex: Female,Age (Aggregate bands): 15-24,nan,2627.01,"(15, 24)"
2010,Sex: Male,Age (10-year bands): 15-24,nan,2709.472,"(15, 24)"
2010,Sex: Female,Age (10-year bands): 15-24,nan,2627.01,"(15, 24)"
2010,Sex: Male,Age (5-year bands): 15-19,nan,1366.832,"(15, 19)"
2010,Sex: Male,Age (5-year bands): 20-24,nan,1342.64,"(20, 24)"
2010,Sex: Male,Age (5-year bands): 25-29,nan,1217.434,"(25, 29)"
2010,Sex: Female,Age (5-year bands): 15-19,nan,1317.355,"(15, 19)"
2010,Sex: Female,Age (5-year bands): 20-24,nan,1309.654,"(20, 24)"
2010,Sex: Female,Age (5-year bands): 25-29,nan,1205.251,"(25, 29)"
2009,Sex: Male,"Age (Youth, adults): 15+",nan,9863.13,"(15, None)"
2009,Sex: Male,"Age (Youth, adults): 15-24",nan,2689.234,"(15, 24)"
2009,Sex: Male,"Age (Youth, adults): 25+",nan,7173.895,"(25, None)"
2009,Sex: Female,"Age (Youth, adults): 15+",nan,9970.541,"(15, None)"
2009,Sex: Female,"Age (Youth, adults): 15-24",nan,2608.307,"(15, 24)"
2009,Sex: Female,"Age (Youth, adults): 25+",nan,7362.234,"(25, None)"
2009,Sex: Male,Age (Aggregate bands): 15-24,nan,2689.234,"(15, 24)"
2009,Sex: Female,Age (Aggregate bands): 15-24,nan,2608.307,"(15, 24)"
2009,Sex: Male,Age (10-year bands): 15-24,nan,2689.234,"(15, 24)"
2009,Sex: Female,Age (10-year bands): 15-24,nan,2608.307,"(15, 24)"
2009,Sex: Male,Age (5-year bands): 15-19,nan,1365.845,"(15, 19)"
2009,Sex: Male,Age (5-year bands): 20-24,nan,1323.389,"(20, 24)"
2009,Sex: Male,Age (5-year bands): 25-29,nan,1196.692,"(25, 29)"
2009,Sex: Female,Age (5-year bands): 15-19,nan,1316.712,"(15, 19)"
2009,Sex: Female,Age (5-year bands): 20-24,nan,1291.594,"(20, 24)"
2009,Sex: Female,Age (5-year bands): 25-29,nan,1184.63,"(25, 29)"
2008,Sex: Male,"Age (Youth, adults): 15+",nan,9660.845,"(15, None)"
2008,Sex: Male,"Age (Youth, adults): 15-24",nan,2666.519,"(15, 24)"
2008,Sex: Male,"Age (Youth, adults): 25+",nan,6994.326,"(25, None)"
2008,Sex: Female,"Age (Youth, adults): 15+",nan,9757.044,"(15, None)"
2008,Sex: Female,"Age (Youth, adults): 15-24",nan,2586.936,"(15, 24)"
2008,Sex: Female,"Age (Youth, adults): 25+",nan,7170.108,"(25, None)"
2008,Sex: Male,Age (Aggregate bands): 15-24,nan,2666.519,"(15, 24)"
2008,Sex: Female,Age (Aggregate bands): 15-24,nan,2586.936,"(15, 24)"
2008,Sex: Male,Age (10-year bands): 15-24,nan,2666.519,"(15, 24)"
2008,Sex: Female,Age (10-year bands): 15-24,nan,2586.936,"(15, 24)"
2008,Sex: Male,Age (5-year bands): 15-19,nan,1364.852,"(15, 19)"
2008,Sex: Male,Age (5-year bands): 20-24,nan,1301.667,"(20, 24)"
2008,Sex: Male,Age (5-year bands): 25-29,nan,1176.212,"(25, 29)"
2008,Sex: Female,Age (5-year bands): 15-19,nan,1316.472,"(15, 19)"
2008,Sex: Female,Age (5-year bands): 20-24,nan,1270.465,"(20, 24)"
2008,Sex: Female,Age (5-year bands): 25-29,nan,1163.671,"(25, 29)"
2007,Sex: Male,"Age (Youth, adults): 15+",nan,9458.68,"(15, None)"
2007,Sex: Male,"Age (Youth, adults): 15-24",nan,2643.463,"(15, 24)"
2007,Sex: Male,"Age (Youth, adults): 25+",nan,6815.218,"(25, None)"
2007,Sex: Female,"Age (Youth, adults): 15+",nan,9544.43,"(15, None)"
2007,Sex: Female,"Age (Youth, adults): 15-24",nan,2565.47,"(15, 24)"
2007,Sex: Female,"Age (Youth, adults): 25+",nan,6978.96,"(25, None)"
2007,Sex: Male,Age (Aggregate bands): 15-24,nan,2643.463,"(15, 24)"
2007,Sex: Female,Age (Aggregate bands): 15-24,nan,2565.47,"(15, 24)"
2007,Sex: Male,Age (10-year bands): 15-24,nan,2643.463,"(15, 24)"
2007,Sex: Female,Age (10-year bands): 15-24,nan,2565.47,"(15, 24)"
2007,Sex: Male,Age (5-year bands): 15-19,nan,1363.746,"(15, 19)"
2007,Sex: Male,Age (5-year bands): 20-24,nan,1279.717,"(20, 24)"
2007,Sex: Male,Age (5-year bands): 25-29,nan,1156.042,"(25, 29)"
2007,Sex: Female,Age (5-year bands): 15-19,nan,1315.708,"(15, 19)"
2007,Sex: Female,Age (5-year bands): 20-24,nan,1249.762,"(20, 24)"
2007,Sex: Female,Age (5-year bands): 25-29,nan,1143.426,"(25, 29)"
2006,Sex: Male,"Age (Youth, adults): 15+",nan,9253.466,"(15, None)"
2006,Sex: Male,"Age (Youth, adults): 15-24",nan,2620.314,"(15, 24)"
2006,Sex: Male,"Age (Youth, adults): 25+",nan,6633.153,"(25, None)"
2006,Sex: Female,"Age (Youth, adults): 15+",nan,9331.229,"(15, None)"
2006,Sex: Female,"Age (Youth, adults): 15-24",nan,2543.972,"(15, 24)"
2006,Sex: Female,"Age (Youth, adults): 25+",nan,6787.258,"(25, None)"
2006,Sex: Male,Age (Aggregate bands): 15-24,nan,2620.314,"(15, 24)"
2006,Sex: Female,Age (Aggregate bands): 15-24,nan,2543.972,"(15, 24)"
2006,Sex: Male,Age (10-year bands): 15-24,nan,2620.314,"(15, 24)"
2006,Sex: Female,Age (10-year bands): 15-24,nan,2543.972,"(15, 24)"
2006,Sex: Male,Age (5-year bands): 15-19,nan,1362.555,"(15, 19)"
2006,Sex: Male,Age (5-year bands): 20-24,nan,1257.758,"(20, 24)"
2006,Sex: Male,Age (5-year bands): 25-29,nan,1134.792,"(25, 29)"
2006,Sex: Female,Age (5-year bands): 15-19,nan,1315.191,"(15, 19)"
2006,Sex: Female,Age (5-year bands): 20-24,nan,1228.781,"(20, 24)"
2006,Sex: Female,Age (5-year bands): 25-29,nan,1122.542,"(25, 29)"
2005,Sex: Male,"Age (Youth, adults): 15+",nan,9040.31,"(15, None)"
2005,Sex: Male,"Age (Youth, adults): 15-24",nan,2605.762,"(15, 24)"
2005,Sex: Male,"Age (Youth, adults): 25+",nan,6434.548,"(25, None)"
2005,Sex: Female,"Age (Youth, adults): 15+",nan,9079.435,"(15, None)"
2005,Sex: Female,"Age (Youth, adults): 15-24",nan,2517.013,"(15, 24)"
2005,Sex: Female,"Age (Youth, adults): 25+",nan,6562.422,"(25, None)"
2005,Sex: Male,Age (Aggregate bands): 15-24,nan,2605.762,"(15, 24)"
2005,Sex: Female,Age (Aggregate bands): 15-24,nan,2517.013,"(15, 24)"
2005,Sex: Male,Age (10-year bands): 15-24,nan,2605.762,"(15, 24)"
2005,Sex: Female,Age (10-year bands): 15-24,nan,2517.013,"(15, 24)"
2005,Sex: Male,Age (5-year bands): 15-19,nan,1361.285,"(15, 19)"
2005,Sex: Male,Age (5-year bands): 20-24,nan,1244.476,"(20, 24)"
2005,Sex: Male,Age (5-year bands): 25-29,nan,1130.226,"(25, 29)"
2005,Sex: Female,Age (5-year bands): 15-19,nan,1310.045,"(15, 19)"
2005,Sex: Female,Age (5-year bands): 20-24,nan,1206.967,"(20, 24)"
2005,Sex: Female,Age (5-year bands): 25-29,nan,1103.839,"(25, 29)"
2004,Sex: Male,"Age (Youth, adults): 15+",nan,8788.667,"(15, None)"
2004,Sex: Female,"Age (Youth, adults): 15+",nan,8821.667,"(15, None)"
2003,Sex: Male,"Age (Youth, adults): 15-24",nan,2529.574,"(15, 24)"
2003,Sex: Female,"Age (Youth, adults): 15-24",nan,2447.246,"(15, 24)"
2002,Sex: Male,"Age (Youth, adults): 15+",nan,8424.788,"(15, None)"
2002,Sex: Male,"Age (Youth, adults): 15-24",nan,2482.617,"(15, 24)"
2002,Sex: Male,"Age (Youth, adults): 25+",nan,5942.171,"(25, None)"
2002,Sex: Female,"Age (Youth, adults): 15+",nan,8454.17,"(15, None)"
2002,Sex: Female,"Age (Youth, adults): 15-24",nan,2402.364,"(15, 24)"
2002,Sex: Female,"Age (Youth, adults): 25+",nan,6051.806,"(25, None)"
2002,Sex: Male,Age (Aggregate bands): 15-24,nan,2482.617,"(15, 24)"
2002,Sex: Female,Age (Aggregate bands): 15-24,nan,2402.364,"(15, 24)"
2001,Sex: Male,"Age (Youth, adults): 15+",nan,8202.208,"(15, None)"
2001,Sex: Male,"Age (Youth, adults): 15-24",nan,2438.83,"(15, 24)"
2001,Sex: Male,"Age (Youth, adults): 25+",nan,5763.378,"(25, None)"
2001,Sex: Female,"Age (Youth, adults): 15+",nan,8230.267,"(15, None)"
2001,Sex: Female,"Age (Youth, adults): 15-24",nan,2359.655,"(15, 24)"
2001,Sex: Female,"Age (Youth, adults): 25+",nan,5870.612,"(25, None)"
2001,Sex: Male,Age (Aggregate bands): 15-24,nan,2438.83,"(15, 24)"
2001,Sex: Female,Age (Aggregate bands): 15-24,nan,2359.655,"(15, 24)"
2000,Sex: Male,"Age (Youth, adults): 15+",nan,7927.667,"(15, None)"
2000,Sex: Female,"Age (Youth, adults): 15+",nan,7949.083,"(15, None)"
1999,Sex: Male,"Age (Youth, adults): 15+",nan,7719.583,"(15, None)"
1999,Sex: Female,"Age (Youth, adults): 15+",nan,7737.833,"(15, None)"
1998,Sex: Male,"Age (Youth, adults): 15+",nan,7569.63,"(15, None)"
1998,Sex: Male,"Age (Youth, adults): 15-24",nan,2294.53,"(15, 24)"
1998,Sex: Male,"Age (Youth, adults): 25+",nan,5275.1,"(25, None)"
1998,Sex: Female,"Age (Youth, adults): 15+",nan,7583.21,"(15, None)"
1998,Sex: Female,"Age (Youth, adults): 15-24",nan,2220.42,"(15, 24)"
1998,Sex: Female,"Age (Youth, adults): 25+",nan,5362.79,"(25, None)"
1997,Sex: Male,"Age (Youth, adults): 15+",nan,7370.395,"(15, None)"
1997,Sex: Male,"Age (Youth, adults): 15-24",nan,2241.516,"(15, 24)"
1997,Sex: Male,"Age (Youth, adults): 25+",nan,5128.879,"(25, None)"
1997,Sex: Female,"Age (Youth, adults): 15+",nan,7380.492,"(15, None)"
1997,Sex: Female,"Age (Youth, adults): 15-24",nan,2169.52,"(15, 24)"
1997,Sex: Female,"Age (Youth, adults): 25+",nan,5210.972,"(25, None)"
1997,Sex: Male,Age (Aggregate bands): 15-24,nan,2241.516,"(15, 24)"
1997,Sex: Female,Age (Aggregate bands): 15-24,nan,2169.52,"(15, 24)"
1996,Sex: Male,"Age (Youth, adults): 15+",nan,7172.64,"(15, None)"
1996,Sex: Male,"Age (Youth, adults): 15-24",nan,2188.47,"(15, 24)"
1996,Sex: Male,"Age (Youth, adults): 25+",nan,4984.17,"(25, None)"
1996,Sex: Female,"Age (Youth, adults): 15+",nan,7179.45,"(15, None)"
1996,Sex: Female,"Age (Youth, adults): 15-24",nan,2118.38,"(15, 24)"
1996,Sex: Female,"Age (Youth, adults): 25+",nan,5061.07,"(25, None)"
1995,Sex: Male,"Age (Youth, adults): 15+",nan,6932.792,"(15, None)"
1995,Sex: Male,"Age (Youth, adults): 15-24",nan,2128.425,"(15, 24)"
1995,Sex: Male,"Age (Youth, adults): 25+",nan,4804.367,"(25, None)"
1995,Sex: Female,"Age (Youth, adults): 15+",nan,6934.383,"(15, None)"
1995,Sex: Female,"Age (Youth, adults): 15-24",nan,2060.032,"(15, 24)"
1995,Sex: Female,"Age (Youth, adults): 25+",nan,4874.351,"(25, None)"
1995,Sex: Male,Age (Aggregate bands): 15-24,nan,2128.425,"(15, 24)"
1995,Sex: Female,Age (Aggregate bands): 15-24,nan,2060.032,"(15, 24)"
1994,Sex: Male,"Age (Youth, adults): 15+",nan,6786.745,"(15, None)"
1994,Sex: Male,"Age (Youth, adults): 15-24",nan,2094.207,"(15, 24)"
1994,Sex: Male,"Age (Youth, adults): 25+",nan,4692.538,"(25, None)"
1994,Sex: Female,"Age (Youth, adults): 15+",nan,6784.667,"(15, None)"
1994,Sex: Female,"Age (Youth, adults): 15-24",nan,2027.077,"(15, 24)"
1994,Sex: Female,"Age (Youth, adults): 25+",nan,4757.59,"(25, None)"
1994,Sex: Male,Age (Aggregate bands): 15-24,nan,2094.207,"(15, 24)"
1994,Sex: Female,Age (Aggregate bands): 15-24,nan,2027.077,"(15, 24)"
1993,Sex: Male,"Age (Youth, adults): 15+",nan,6528.683,"(15, None)"
1993,Sex: Male,"Age (Youth, adults): 15-24",nan,2045.114,"(15, 24)"
1993,Sex: Male,"Age (Youth, adults): 25+",nan,4483.569,"(25, None)"
1993,Sex: Female,"Age (Youth, adults): 15+",nan,6511.023,"(15, None)"
1993,Sex: Female,"Age (Youth, adults): 15-24",nan,1984.615,"(15, 24)"
1993,Sex: Female,"Age (Youth, adults): 25+",nan,4526.408,"(25, None)"
1993,Sex: Male,Age (Aggregate bands): 15-24,nan,2045.114,"(15, 24)"
1993,Sex: Female,Age (Aggregate bands): 15-24,nan,1984.615,"(15, 24)"
1992,Sex: Male,"Age (Youth, adults): 15+",nan,6352.815,"(15, None)"
1992,Sex: Male,"Age (Youth, adults): 15-24",nan,2007.857,"(15, 24)"
1992,Sex: Male,"Age (Youth, adults): 25+",nan,4344.958,"(25, None)"
1992,Sex: Female,"Age (Youth, adults): 15+",nan,6330.908,"(15, None)"
1992,Sex: Female,"Age (Youth, adults): 15-24",nan,1948.289,"(15, 24)"
1992,Sex: Female,"Age (Youth, adults): 25+",nan,4382.619,"(25, None)"
1992,Sex: Male,Age (Aggregate bands): 15-24,nan,2007.857,"(15, 24)"
1992,Sex: Female,Age (Aggregate bands): 15-24,nan,1948.289,"(15, 24)"
1991,Sex: Male,"Age (Youth, adults): 15+",nan,6178.669,"(15, None)"
1991,Sex: Male,"Age (Youth, adults): 15-24",nan,1970.372,"(15, 24)"
1991,Sex: Male,"Age (Youth, adults): 25+",nan,4208.297,"(25, None)"
1991,Sex: Female,"Age (Youth, adults): 15+",nan,6152.765,"(15, None)"
1991,Sex: Female,"Age (Youth, adults): 15-24",nan,1911.73,"(15, 24)"
1991,Sex: Female,"Age (Youth, adults): 25+",nan,4241.035,"(25, None)"
1991,Sex: Male,Age (Aggregate bands): 15-24,nan,1970.372,"(15, 24)"
1991,Sex: Female,Age (Aggregate bands): 15-24,nan,1911.73,"(15, 24)"
1990,Sex: Male,"Age (Youth, adults): 15+",nan,6149.117,"(15, None)"
1990,Sex: Male,"Age (Youth, adults): 15-24",nan,1974.449,"(15, 24)"
1990,Sex: Male,"Age (Youth, adults): 25+",nan,4174.668,"(25, None)"
1990,Sex: Female,"Age (Youth, adults): 15+",nan,6120.606,"(15, None)"
1990,Sex: Female,"Age (Youth, adults): 15-24",nan,1914.307,"(15, 24)"
1990,Sex: Female,"Age (Youth, adults): 25+",nan,4206.299,"(25, None)"
1990,Sex: Male,Age (Aggregate bands): 15-24,nan,1974.449,"(15, 24)"
1990,Sex: Female,Age (Aggregate bands): 15-24,nan,1914.307,"(15, 24)"
1989,Sex: Male,"Age (Youth, adults): 15+",nan,5931.316,"(15, None)"
1989,Sex: Male,"Age (Youth, adults): 15-24",nan,1931.159,"(15, 24)"
1989,Sex: Male,"Age (Youth, adults): 25+",nan,4000.157,"(25, None)"
1989,Sex: Female,"Age (Youth, adults): 15+",nan,5897.495,"(15, None)"
1989,Sex: Female,"Age (Youth, adults): 15-24",nan,1872.189,"(15, 24)"
1989,Sex: Female,"Age (Youth, adults): 25+",nan,4025.306,"(25, None)"
1988,Sex: Male,"Age (Youth, adults): 15+",nan,5760.722,"(15, None)"
1988,Sex: Male,"Age (Youth, adults): 15-24",nan,1900.156,"(15, 24)"
1988,Sex: Male,"Age (Youth, adults): 25+",nan,3860.566,"(25, None)"
1988,Sex: Female,"Age (Youth, adults): 15+",nan,5722.826,"(15, None)"
1988,Sex: Female,"Age (Youth, adults): 15-24",nan,1841.988,"(15, 24)"
1988,Sex: Female,"Age (Youth, adults): 25+",nan,3880.838,"(25, None)"
1987,Sex: Male,"Age (Youth, adults): 15+",nan,5633.734,"(15, None)"
1987,Sex: Male,"Age (Youth, adults): 15-24",nan,1877.19,"(15, 24)"
1987,Sex: Male,"Age (Youth, adults): 25+",nan,3756.544,"(25, None)"
1987,Sex: Female,"Age (Youth, adults): 15+",nan,5592.925,"(15, None)"
1987,Sex: Female,"Age (Youth, adults): 15-24",nan,1819.583,"(15, 24)"
1987,Sex: Female,"Age (Youth, adults): 25+",nan,3773.342,"(25, None)"
1986,Sex: Male,"Age (Youth, adults): 15+",nan,5465.416,"(15, None)"
1986,Sex: Male,"Age (Youth, adults): 15-24",nan,1845.353,"(15, 24)"
1986,Sex: Male,"Age (Youth, adults): 25+",nan,3620.063,"(25, None)"
1986,Sex: Female,"Age (Youth, adults): 15+",nan,5420.892,"(15, None)"
1986,Sex: Female,"Age (Youth, adults): 15-24",nan,1788.476,"(15, 24)"
1986,Sex: Female,"Age (Youth, adults): 25+",nan,3632.416,"(25, None)"
1985,Sex: Male,"Age (Youth, adults): 15+",nan,5226.425,"(15, None)"
1985,Sex: Male,"Age (Youth, adults): 15-24",nan,1794.688,"(15, 24)"
1985,Sex: Male,"Age (Youth, adults): 25+",nan,3431.737,"(25, None)"
1985,Sex: Female,"Age (Youth, adults): 15+",nan,5176.957,"(15, None)"
1985,Sex: Female,"Age (Youth, adults): 15-24",nan,1738.831,"(15, 24)"
1985,Sex: Female,"Age (Youth, adults): 25+",nan,3438.126,"(25, None)"
1985,Sex: Male,Age (Aggregate bands): 15-24,nan,1794.688,"(15, 24)"
1985,Sex: Female,Age (Aggregate bands): 15-24,nan,1738.831,"(15, 24)"
1984,Sex: Male,"Age (Youth, adults): 15+",nan,5142.511,"(15, None)"
1984,Sex: Male,"Age (Youth, adults): 15-24",nan,1776.158,"(15, 24)"
1984,Sex: Male,"Age (Youth, adults): 25+",nan,3366.353,"(25, None)"
1984,Sex: Female,"Age (Youth, adults): 15+",nan,5091.266,"(15, None)"
1984,Sex: Female,"Age (Youth, adults): 15-24",nan,1720.602,"(15, 24)"
1984,Sex: Female,"Age (Youth, adults): 25+",nan,3370.664,"(25, None)"
1984,Sex: Male,Age (Aggregate bands): 15-24,nan,1776.158,"(15, 24)"
1984,Sex: Female,Age (Aggregate bands): 15-24,nan,1720.602,"(15, 24)"
1983,Sex: Male,"Age (Youth, adults): 15+",nan,4402.822,"(15, None)"
1983,Sex: Male,"Age (Youth, adults): 15-24",nan,1577.365,"(15, 24)"
1983,Sex: Male,"Age (Youth, adults): 25+",nan,2825.457,"(25, None)"
1983,Sex: Female,"Age (Youth, adults): 15+",nan,4470.949,"(15, None)"
1983,Sex: Female,"Age (Youth, adults): 15-24",nan,1550.396,"(15, 24)"
1983,Sex: Female,"Age (Youth, adults): 25+",nan,2920.553,"(25, None)"
1983,Sex: Male,Age (Aggregate bands): 15-24,nan,1577.365,"(15, 24)"
1983,Sex: Female,Age (Aggregate bands): 15-24,nan,1550.396,"(15, 24)"
1983,Sex: Male,Age (10-year bands): 15-24,nan,1577.365,"(15, 24)"
1983,Sex: Female,Age (10-year bands): 15-24,nan,1550.396,"(15, 24)"
1983,Sex: Male,Age (5-year bands): 15-19,nan,865.449,"(15, 19)"
1983,Sex: Male,Age (5-year bands): 20-24,nan,711.916,"(20, 24)"
1983,Sex: Male,Age (5-year bands): 25-29,nan,1043.968,"(25, 29)"
1983,Sex: Female,Age (5-year bands): 15-19,nan,850.952,"(15, 19)"
1983,Sex: Female,Age (5-year bands): 20-24,nan,699.444,"(20, 24)"
1983,Sex: Female,Age (5-year bands): 25-29,nan,1085.646,"(25, 29)"
1982,Sex: Male,"Age (Youth, adults): 15+",nan,4266.063,"(15, None)"
1982,Sex: Male,"Age (Youth, adults): 15-24",nan,1550.715,"(15, 24)"
1982,Sex: Male,"Age (Youth, adults): 25+",nan,2715.348,"(25, None)"
1982,Sex: Female,"Age (Youth, adults): 15+",nan,4333.882,"(15, None)"
1982,Sex: Female,"Age (Youth, adults): 15-24",nan,1525.547,"(15, 24)"
1982,Sex: Female,"Age (Youth, adults): 25+",nan,2808.335,"(25, None)"
1982,Sex: Male,Age (Aggregate bands): 15-24,nan,1550.715,"(15, 24)"
1982,Sex: Female,Age (Aggregate bands): 15-24,nan,1525.547,"(15, 24)"
1982,Sex: Male,Age (10-year bands): 15-24,nan,1550.715,"(15, 24)"
1982,Sex: Female,Age (10-year bands): 15-24,nan,1525.547,"(15, 24)"
1982,Sex: Male,Age (5-year bands): 15-19,nan,864.264,"(15, 19)"
1982,Sex: Male,Age (5-year bands): 20-24,nan,686.451,"(20, 24)"
1982,Sex: Male,Age (5-year bands): 25-29,nan,995.498,"(25, 29)"
1982,Sex: Female,Age (5-year bands): 15-19,nan,827.211,"(15, 19)"
1982,Sex: Female,Age (5-year bands): 20-24,nan,698.336,"(20, 24)"
1982,Sex: Female,Age (5-year bands): 25-29,nan,1047.674,"(25, 29)"
1981,Sex: Male,"Age (Youth, adults): 15+",nan,4127.843,"(15, None)"
1981,Sex: Male,"Age (Youth, adults): 15-24",nan,1517.487,"(15, 24)"
1981,Sex: Male,"Age (Youth, adults): 25+",nan,2610.356,"(25, None)"
1981,Sex: Female,"Age (Youth, adults): 15+",nan,4195.61,"(15, None)"
1981,Sex: Female,"Age (Youth, adults): 15-24",nan,1495.865,"(15, 24)"
1981,Sex: Female,"Age (Youth, adults): 25+",nan,2699.745,"(25, None)"
1981,Sex: Male,Age (Aggregate bands): 15-24,nan,1517.487,"(15, 24)"
1981,Sex: Female,Age (Aggregate bands): 15-24,nan,1495.865,"(15, 24)"
1981,Sex: Male,Age (10-year bands): 15-24,nan,1517.487,"(15, 24)"
1981,Sex: Female,Age (10-year bands): 15-24,nan,1495.865,"(15, 24)"
1979,Sex: Male,"Age (Youth, adults): 15+",nan,3912.413,"(15, None)"
1979,Sex: Male,"Age (Youth, adults): 15-24",nan,1455.487,"(15, 24)"
1979,Sex: Male,"Age (Youth, adults): 25+",nan,2456.926,"(25, None)"
1979,Sex: Female,"Age (Youth, adults): 15+",nan,3980.033,"(15, None)"
1979,Sex: Female,"Age (Youth, adults): 15-24",nan,1442.403,"(15, 24)"
1979,Sex: Female,"Age (Youth, adults): 25+",nan,2537.63,"(25, None)"
1979,Sex: Male,Age (Aggregate bands): 15-24,nan,1455.487,"(15, 24)"
1979,Sex: Female,Age (Aggregate bands): 15-24,nan,1442.403,"(15, 24)"
1979,Sex: Male,Age (10-year bands): 15-24,nan,1455.487,"(15, 24)"
1979,Sex: Female,Age (10-year bands): 15-24,nan,1442.403,"(15, 24)"
1977,Sex: Male,"Age (Youth, adults): 15+",nan,3639.91,"(15, None)"
1977,Sex: Male,"Age (Youth, adults): 15-24",nan,1365.754,"(15, 24)"
1977,Sex: Male,"Age (Youth, adults): 25+",nan,2274.156,"(25, None)"
1977,Sex: Female,"Age (Youth, adults): 15+",nan,3707.834,"(15, None)"
1977,Sex: Female,"Age (Youth, adults): 15-24",nan,1366.184,"(15, 24)"
1977,Sex: Female,"Age (Youth, adults): 25+",nan,2341.65,"(25, None)"
1977,Sex: Male,Age (Aggregate bands): 15-24,nan,1365.754,"(15, 24)"
1977,Sex: Female,Age (Aggregate bands): 15-24,nan,1366.184,"(15, 24)"
1977,Sex: Male,Age (10-year bands): 15-24,nan,1365.754,"(15, 24)"
1977,Sex: Female,Age (10-year bands): 15-24,nan,1366.184,"(15, 24)"
1975,Sex: Male,"Age (Youth, adults): 15+",nan,5959.362,"(15, None)"
1975,Sex: Female,"Age (Youth, adults): 15+",nan,5964.308,"(15, None)"
1971,Sex: Male,"Age (Youth, adults): 15+",nan,2911.568,"(15, None)"
1971,Sex: Male,"Age (Youth, adults): 15-24",nan,1069.523,"(15, 24)"
1971,Sex: Male,"Age (Youth, adults): 25+",nan,1842.045,"(25, None)"
1971,Sex: Female,"Age (Youth, adults): 15+",nan,2985.667,"(15, None)"
1971,Sex: Female,"Age (Youth, adults): 15-24",nan,1113.35,"(15, 24)"
1971,Sex: Female,"Age (Youth, adults): 25+",nan,1872.317,"(25, None)"
1971,Sex: Male,Age (Aggregate bands): 15-24,nan,1069.523,"(15, 24)"
1971,Sex: Female,Age (Aggregate bands): 15-24,nan,1113.35,"(15, 24)"
1971,Sex: Male,Age (10-year bands): 15-24,nan,1069.523,"(15, 24)"
1971,Sex: Female,Age (10-year bands): 15-24,nan,1113.35,"(15, 24)"
1971,Sex: Male,Age (5-year bands): 15-19,nan,605.836,"(15, 19)"
1971,Sex: Male,Age (5-year bands): 20-24,nan,463.687,"(20, 24)"
1971,Sex: Male,Age (5-year bands): 25-29,nan,337.637,"(25, 29)"
1971,Sex: Female,Age (5-year bands): 15-19,nan,619.426,"(15, 19)"
1971,Sex: Female,Age (5-year bands): 20-24,nan,493.924,"(20, 24)"
1971,Sex: Female,Age (5-year bands): 25-29,nan,358.524,"(25, 29)"
1961,Sex: Male,"Age (Youth, adults): 15+",nan,2073.761,"(15, None)"
1961,Sex: Male,"Age (Youth, adults): 15-24",nan,652.143,"(15, 24)"
1961,Sex: Male,"Age (Youth, adults): 25+",nan,1421.618,"(25, None)"
1961,Sex: Female,"Age (Youth, adults): 15+",nan,2010.941,"(15, None)"
1961,Sex: Female,"Age (Youth, adults): 15-24",nan,645.904,"(15, 24)"
1961,Sex: Female,"Age (Youth, adults): 25+",nan,1365.037,"(25, None)"
1961,Sex: Male,Age (Aggregate bands): 15-24,nan,652.143,"(15, 24)"
1961,Sex: Female,Age (Aggregate bands): 15-24,nan,645.904,"(15, 24)"
1961,Sex: Male,Age (10-year bands): 15-24,nan,652.143,"(15, 24)"
1961,Sex: Female,Age (10-year bands): 15-24,nan,645.904,"(15, 24)"
1961,Sex: Male,Age (5-year bands): 15-19,nan,340.465,"(15, 19)"
1961,Sex: Male,Age (5-year bands): 20-24,nan,311.678,"(20, 24)"
1961,Sex: Male,Age (5-year bands): 25-29,nan,283.008,"(25, 29)"
1961,Sex: Female,Age (5-year bands): 15-19,nan,339.171,"(15, 19)"
1961,Sex: Female,Age (5-year bands): 20-24,nan,306.733,"(20, 24)"
1961,Sex: Female,Age (5-year bands): 25-29,nan,267.874,"(25, 29)"
