ref_area.label,source.label,indicator.label,sex.label,classif1.label,classif2.label,time,obs_value,obs_status.label,note_classif.label,note_indicator.label,note_source.label
Venezuela (Bolivarian Republic of),LFS - Household Sample Survey,Mean weekly hours actually worked per employee by sex and marital status,Sex: Total,Marital status (Aggregate): Total,,2017,39.63,,,,Repository: ILO-STATISTICS - Micro data processing
Venezuela (Bolivarian Republic of),LFS - Household Sample Survey,Mean weekly hours actually worked per employee by sex and marital status,Sex: Total,Marital status (Aggregate): Single / Widowed / Divorced,,2017,39.38,,,,Repository: ILO-STATISTICS - Micro data processing
Venezuela (Bolivarian Republic of),LFS - Household Sample Survey,Mean weekly hours actually worked per employee by sex and marital status,Sex: Total,Marital status (Aggregate): Married / Union / Cohabiting,,2017,39.84,,,,Repository: ILO-STATISTICS - Micro data processing
Venezuela (Bolivarian Republic of),LFS - Household Sample Survey,Mean weekly hours actually worked per employee by sex and marital status,Sex: Total,Marital status (Aggregate): Not elsewhere classified,,2017,37.4,,,,Repository: ILO-STATISTICS - Micro data processing
Venezuela (Bolivarian Republic of),LFS - Household Sample Survey,Mean weekly hours actually worked per employee by sex and marital status,Sex: Male,Marital status (Aggregate): Total,,2017,40.34,,,,Repository: ILO-STATISTICS - Micro data processing
Venezuela (Bolivarian Republic of),LFS - Household Sample Survey,Mean weekly hours actually worked per employee by sex and marital status,Sex: Male,Marital status (Aggregate): Single / Widowed / Divorced,,2017,39.86,,,,Repository: ILO-STATISTICS - Micro data processing
Venezuela (Bolivarian Republic of),LFS - Household Sample Survey,Mean weekly hours actually worked per employee by sex and marital status,Sex: Male,Marital status (Aggregate): Married / Union / Cohabiting,,2017,40.67,,,,Repository: ILO-STATISTICS - Micro data processing
Venezuela (Bolivarian Republic of),LFS - Household Sample Survey,Mean weekly hours actually worked per employee by sex and marital status,Sex: Male,Marital status (Aggregate): Not elsewhere classified,,2017,40.51,Unreliable,,,Repository: ILO-STATISTICS - Micro data processing
Venezuela (Bolivarian Republic of),LFS - Household Sample Survey,Mean weekly hours actually worked per employee by sex and marital status,Sex: Female,Marital status (Aggregate): Total,,2017,38.72,,,,Repository: ILO-STATISTICS - Micro data processing
Venezuela (Bolivarian Republic of),LFS - Household Sample Survey,Mean weekly hours actually worked per employee by sex and marital status,Sex: Female,Marital status (Aggregate): Single / Widowed / Divorced,,2017,38.88,,,,Repository: ILO-STATISTICS - Micro data processing
Venezuela (Bolivarian Republic of),LFS - Household Sample Survey,Mean weekly hours actually worked per employee by sex and marital status,Sex: Female,Marital status (Aggregate): Married / Union / Cohabiting,,2017,38.57,,,,Repository: ILO-STATISTICS - Micro data processing
Venezuela (Bolivarian Republic of),LFS - Household Sample Survey,Mean weekly hours actually worked per employee by sex and marital status,Sex: Female,Marital status (Aggregate): Not elsewhere classified,,2017,31.92,Unreliable,,,Repository: ILO-STATISTICS - Micro data processing
Venezuela (Bolivarian Republic of),LFS - Household Sample Survey,Mean weekly hours actually worked per employee by sex and marital status,Sex: Total,Marital status (Detailed): Total,,2017,39.63,,,,Repository: ILO-STATISTICS - Micro data processing
Venezuela (Bolivarian Republic of),LFS - Household Sample Survey,Mean weekly hours actually worked per employee by sex and marital status,Sex: Total,Marital status (Detailed): Single,,2017,39.37,,,,Repository: ILO-STATISTICS - Micro data processing
Venezuela (Bolivarian Republic of),LFS - Household Sample Survey,Mean weekly hours actually worked per employee by sex and marital status,Sex: Total,Marital status (Detailed): Married,,2017,39.93,,,,Repository: ILO-STATISTICS - Micro data processing
Venezuela (Bolivarian Republic of),LFS - Household Sample Survey,Mean weekly hours actually worked per employee by sex and marital status,Sex: Total,Marital status (Detailed): Union / Cohabiting,,2017,39.79,,,,Repository: ILO-STATISTICS - Micro data processing
Venezuela (Bolivarian Republic of),LFS - Household Sample Survey,Mean weekly hours actually worked per employee by sex and marital status,Sex: Total,Marital status (Detailed): Widowed,,2017,39.52,,,,Repository: ILO-STATISTICS - Micro data processing
Venezuela (Bolivarian Republic of),LFS - Household Sample Survey,Mean weekly hours actually worked per employee by sex and marital status,Sex: Total,Marital status (Detailed): Divorced or legally separated,,2017,39.39,,,,Repository: ILO-STATISTICS - Micro data processing
Venezuela (Bolivarian Republic of),LFS - Household Sample Survey,Mean weekly hours actually worked per employee by sex and marital status,Sex: Total,Marital status (Detailed): Not elsewhere classified,,2017,37.4,,,,Repository: ILO-STATISTICS - Micro data processing
Venezuela (Bolivarian Republic of),LFS - Household Sample Survey,Mean weekly hours actually worked per employee by sex and marital status,Sex: Male,Marital status (Detailed): Total,,2017,40.34,,,,Repository: ILO-STATISTICS - Micro data processing
Venezuela (Bolivarian Republic of),LFS - Household Sample Survey,Mean weekly hours actually worked per employee by sex and marital status,Sex: Male,Marital status (Detailed): Single,,2017,39.74,,,,Repository: ILO-STATISTICS - Micro data processing
Venezuela (Bolivarian Republic of),LFS - Household Sample Survey,Mean weekly hours actually worked per employee by sex and marital status,Sex: Male,Marital status (Detailed): Married,,2017,40.73,,,,Repository: ILO-STATISTICS - Micro data processing
Venezuela (Bolivarian Republic of),LFS - Household Sample Survey,Mean weekly hours actually worked per employee by sex and marital status,Sex: Male,Marital status (Detailed): Union / Cohabiting,,2017,40.64,,,,Repository: ILO-STATISTICS - Micro data processing
Venezuela (Bolivarian Republic of),LFS - Household Sample Survey,Mean weekly hours actually worked per employee by sex and marital status,Sex: Male,Marital status (Detailed): Widowed,,2017,40.33,,,,Repository: ILO-STATISTICS - Micro data processing
Venezuela (Bolivarian Republic of),LFS - Household Sample Survey,Mean weekly hours actually worked per employee by sex and marital status,Sex: Male,Marital status (Detailed): Divorced or legally separated,,2017,40.71,,,,Repository: ILO-STATISTICS - Micro data processing
Venezuela (Bolivarian Republic of),LFS - Household Sample Survey,Mean weekly hours actually worked per employee by sex and marital status,Sex: Male,Marital status (Detailed): Not elsewhere classified,,2017,40.51,Unreliable,,,Repository: ILO-STATISTICS - Micro data processing
Venezuela (Bolivarian Republic of),LFS - Household Sample Survey,Mean weekly hours actually worked per employee by sex and marital status,Sex: Female,Marital status (Detailed): Total,,2017,38.72,,,,Repository: ILO-STATISTICS - Micro data processing
Venezuela (Bolivarian Republic of),LFS - Household Sample Survey,Mean weekly hours actually worked per employee by sex and marital status,Sex: Female,Marital status (Detailed): Single,,2017,38.86,,,,Repository: ILO-STATISTICS - Micro data processing
Venezuela (Bolivarian Republic of),LFS - Household Sample Survey,Mean weekly hours actually worked per employee by sex and marital status,Sex: Female,Marital status (Detailed): Married,,2017,38.77,,,,Repository: ILO-STATISTICS - Micro data processing
Venezuela (Bolivarian Republic of),LFS - Household Sample Survey,Mean weekly hours actually worked per employee by sex and marital status,Sex: Female,Marital status (Detailed): Union / Cohabiting,,2017,38.44,,,,Repository: ILO-STATISTICS - Micro data processing
Venezuela (Bolivarian Republic of),LFS - Household Sample Survey,Mean weekly hours actually worked per employee by sex and marital status,Sex: Female,Marital status (Detailed): Widowed,,2017,39.1,,,,Repository: ILO-STATISTICS - Micro data processing
Venezuela (Bolivarian Republic of),LFS - Household Sample Survey,Mean weekly hours actually worked per employee by sex and marital status,Sex: Female,Marital status (Detailed): Divorced or legally separated,,2017,38.89,,,,Repository: ILO-STATISTICS - Micro data processing
Venezuela (Bolivarian Republic of),LFS - Household Sample Survey,Mean weekly hours actually worked per employee by sex and marital status,Sex: Female,Marital status (Detailed): Not elsewhere classified,,2017,31.92,Unreliable,,,Repository: ILO-STATISTICS - Micro data processing
Venezuela (Bolivarian Republic of),LFS - Household Sample Survey,Mean weekly hours actually worked per employee by sex and marital status,Sex: Total,Marital status (Aggregate): Total,,2016,39.54,,,,Repository: ILO-STATISTICS - Micro data processing
Venezuela (Bolivarian Republic of),LFS - Household Sample Survey,Mean weekly hours actually worked per employee by sex and marital status,Sex: Total,Marital status (Aggregate): Single / Widowed / Divorced,,2016,39.11,,,,Repository: ILO-STATISTICS - Micro data processing
Venezuela (Bolivarian Republic of),LFS - Household Sample Survey,Mean weekly hours actually worked per employee by sex and marital status,Sex: Total,Marital status (Aggregate): Married / Union / Cohabiting,,2016,39.88,,,,Repository: ILO-STATISTICS - Micro data processing
Venezuela (Bolivarian Republic of),LFS - Household Sample Survey,Mean weekly hours actually worked per employee by sex and marital status,Sex: Total,Marital status (Aggregate): Not elsewhere classified,,2016,37.72,Unreliable,,,Repository: ILO-STATISTICS - Micro data processing
Venezuela (Bolivarian Republic of),LFS - Household Sample Survey,Mean weekly hours actually worked per employee by sex and marital status,Sex: Male,Marital status (Aggregate): Total,,2016,40.52,,,,Repository: ILO-STATISTICS - Micro data processing
Venezuela (Bolivarian Republic of),LFS - Household Sample Survey,Mean weekly hours actually worked per employee by sex and marital status,Sex: Male,Marital status (Aggregate): Single / Widowed / Divorced,,2016,39.81,,,,Repository: ILO-STATISTICS - Micro data processing
Venezuela (Bolivarian Republic of),LFS - Household Sample Survey,Mean weekly hours actually worked per employee by sex and marital status,Sex: Male,Marital status (Aggregate): Married / Union / Cohabiting,,2016,40.97,,,,Repository: ILO-STATISTICS - Micro data processing
Venezuela (Bolivarian Republic of),LFS - Household Sample Survey,Mean weekly hours actually worked per employee by sex and marital status,Sex: Male,Marital status (Aggregate): Not elsewhere classified,,2016,,Unreliable,,,Repository: ILO-STATISTICS - Micro data processing
Venezuela (Bolivarian Republic of),LFS - Household Sample Survey,Mean weekly hours actually worked per employee by sex and marital status,Sex: Female,Marital status (Aggregate): Total,,2016,38.24,,,,Repository: ILO-STATISTICS - Micro data processing
Venezuela (Bolivarian Republic of),LFS - Household Sample Survey,Mean weekly hours actually worked per employee by sex and marital status,Sex: Female,Marital status (Aggregate): Single / Widowed / Divorced,,2016,38.38,,,,Repository: ILO-STATISTICS - Micro data processing
Venezuela (Bolivarian Republic of),LFS - Household Sample Survey,Mean weekly hours actually worked per employee by sex and marital status,Sex: Female,Marital status (Aggregate): Married / Union / Cohabiting,,2016,38.11,,,,Repository: ILO-STATISTICS - Micro data processing
Venezuela (Bolivarian Republic of),LFS - Household Sample Survey,Mean weekly hours actually worked per employee by sex and marital status,Sex: Female,Marital status (Aggregate): Not elsewhere classified,,2016,35.87,Unreliable,,,Repository: ILO-STATISTICS - Micro data processing
Venezuela (Bolivarian Republic of),LFS - Household Sample Survey,Mean weekly hours actually worked per employee by sex and marital status,Sex: Total,Marital status (Detailed): Total,,2016,39.54,,,,Repository: ILO-STATISTICS - Micro data processing
Venezuela (Bolivarian Republic of),LFS - Household Sample Survey,Mean weekly hours actually worked per employee by sex and marital status,Sex: Total,Marital status (Detailed): Single,,2016,39.16,,,,Repository: ILO-STATISTICS - Micro data processing
Venezuela (Bolivarian Republic of),LFS - Household Sample Survey,Mean weekly hours actually worked per employee by sex and marital status,Sex: Total,Marital status (Detailed): Married,,2016,39.75,,,,Repository: ILO-STATISTICS - Micro data processing
Venezuela (Bolivarian Republic of),LFS - Household Sample Survey,Mean weekly hours actually worked per employee by sex and marital status,Sex: Total,Marital status (Detailed): Union / Cohabiting,,2016,39.98,,,,Repository: ILO-STATISTICS - Micro data processing
Venezuela (Bolivarian Republic of),LFS - Household Sample Survey,Mean weekly hours actually worked per employee by sex and marital status,Sex: Total,Marital status (Detailed): Widowed,,2016,37.97,,,,Repository: ILO-STATISTICS - Micro data processing
Venezuela (Bolivarian Republic of),LFS - Household Sample Survey,Mean weekly hours actually worked per employee by sex and marital status,Sex: Total,Marital status (Detailed): Divorced or legally separated,,2016,39.05,,,,Repository: ILO-STATISTICS - Micro data processing
Venezuela (Bolivarian Republic of),LFS - Household Sample Survey,Mean weekly hours actually worked per employee by sex and marital status,Sex: Total,Marital status (Detailed): Not elsewhere classified,,2016,37.72,Unreliable,,,Repository: ILO-STATISTICS - Micro data processing
Venezuela (Bolivarian Republic of),LFS - Household Sample Survey,Mean weekly hours actually worked per employee by sex and marital status,Sex: Male,Marital status (Detailed): Total,,2016,40.52,,,,Repository: ILO-STATISTICS - Micro data processing
Venezuela (Bolivarian Republic of),LFS - Household Sample Survey,Mean weekly hours actually worked per employee by sex and marital status,Sex: Male,Marital status (Detailed): Single,,2016,39.69,,,,Repository: ILO-STATISTICS - Micro data processing
Venezuela (Bolivarian Republic of),LFS - Household Sample Survey,Mean weekly hours actually worked per employee by sex and marital status,Sex: Male,Marital status (Detailed): Married,,2016,40.86,,,,Repository: ILO-STATISTICS - Micro data processing
Venezuela (Bolivarian Republic of),LFS - Household Sample Survey,Mean weekly hours actually worked per employee by sex and marital status,Sex: Male,Marital status (Detailed): Union / Cohabiting,,2016,41.04,,,,Repository: ILO-STATISTICS - Micro data processing
Venezuela (Bolivarian Republic of),LFS - Household Sample Survey,Mean weekly hours actually worked per employee by sex and marital status,Sex: Male,Marital status (Detailed): Widowed,,2016,40.31,,,,Repository: ILO-STATISTICS - Micro data processing
Venezuela (Bolivarian Republic of),LFS - Household Sample Survey,Mean weekly hours actually worked per employee by sex and marital status,Sex: Male,Marital status (Detailed): Divorced or legally separated,,2016,40.56,,,,Repository: ILO-STATISTICS - Micro data processing
Venezuela (Bolivarian Republic of),LFS - Household Sample Survey,Mean weekly hours actually worked per employee by sex and marital status,Sex: Male,Marital status (Detailed): Not elsewhere classified,,2016,,Unreliable,,,Repository: ILO-STATISTICS - Micro data processing
Venezuela (Bolivarian Republic of),LFS - Household Sample Survey,Mean weekly hours actually worked per employee by sex and marital status,Sex: Female,Marital status (Detailed): Total,,2016,38.24,,,,Repository: ILO-STATISTICS - Micro data processing
Venezuela (Bolivarian Republic of),LFS - Household Sample Survey,Mean weekly hours actually worked per employee by sex and marital status,Sex: Female,Marital status (Detailed): Single,,2016,38.42,,,,Repository: ILO-STATISTICS - Micro data processing
Venezuela (Bolivarian Republic of),LFS - Household Sample Survey,Mean weekly hours actually worked per employee by sex and marital status,Sex: Female,Marital status (Detailed): Married,,2016,38.08,,,,Repository: ILO-STATISTICS - Micro data processing
Venezuela (Bolivarian Republic of),LFS - Household Sample Survey,Mean weekly hours actually worked per employee by sex and marital status,Sex: Female,Marital status (Detailed): Union / Cohabiting,,2016,38.13,,,,Repository: ILO-STATISTICS - Micro data processing
Venezuela (Bolivarian Republic of),LFS - Household Sample Survey,Mean weekly hours actually worked per employee by sex and marital status,Sex: Female,Marital status (Detailed): Widowed,,2016,37.17,,,,Repository: ILO-STATISTICS - Micro data processing
Venezuela (Bolivarian Republic of),LFS - Household Sample Survey,Mean weekly hours actually worked per employee by sex and marital status,Sex: Female,Marital status (Detailed): Divorced or legally separated,,2016,38.45,,,,Repository: ILO-STATISTICS - Micro data processing
Venezuela (Bolivarian Republic of),LFS - Household Sample Survey,Mean weekly hours actually worked per employee by sex and marital status,Sex: Female,Marital status (Detailed): Not elsewhere classified,,2016,35.87,Unreliable,,,Repository: ILO-STATISTICS - Micro data processing
Venezuela (Bolivarian Republic of),LFS - Household Sample Survey,Mean weekly hours actually worked per employee by sex and marital status,Sex: Total,Marital status (Aggregate): Total,,2012,41.42,,,,Repository: ILO-STATISTICS - Micro data processing
Venezuela (Bolivarian Republic of),LFS - Household Sample Survey,Mean weekly hours actually worked per employee by sex and marital status,Sex: Total,Marital status (Aggregate): Single / Widowed / Divorced,,2012,40.88,,,,Repository: ILO-STATISTICS - Micro data processing
Venezuela (Bolivarian Republic of),LFS - Household Sample Survey,Mean weekly hours actually worked per employee by sex and marital status,Sex: Total,Marital status (Aggregate): Married / Union / Cohabiting,,2012,41.85,,,,Repository: ILO-STATISTICS - Micro data processing
Venezuela (Bolivarian Republic of),LFS - Household Sample Survey,Mean weekly hours actually worked per employee by sex and marital status,Sex: Total,Marital status (Aggregate): Not elsewhere classified,,2012,38.17,Unreliable,,,Repository: ILO-STATISTICS - Micro data processing
Venezuela (Bolivarian Republic of),LFS - Household Sample Survey,Mean weekly hours actually worked per employee by sex and marital status,Sex: Male,Marital status (Aggregate): Total,,2012,42.64,,,,Repository: ILO-STATISTICS - Micro data processing
Venezuela (Bolivarian Republic of),LFS - Household Sample Survey,Mean weekly hours actually worked per employee by sex and marital status,Sex: Male,Marital status (Aggregate): Single / Widowed / Divorced,,2012,41.71,,,,Repository: ILO-STATISTICS - Micro data processing
Venezuela (Bolivarian Republic of),LFS - Household Sample Survey,Mean weekly hours actually worked per employee by sex and marital status,Sex: Male,Marital status (Aggregate): Married / Union / Cohabiting,,2012,43.26,,,,Repository: ILO-STATISTICS - Micro data processing
Venezuela (Bolivarian Republic of),LFS - Household Sample Survey,Mean weekly hours actually worked per employee by sex and marital status,Sex: Male,Marital status (Aggregate): Not elsewhere classified,,2012,,Unreliable,,,Repository: ILO-STATISTICS - Micro data processing
Venezuela (Bolivarian Republic of),LFS - Household Sample Survey,Mean weekly hours actually worked per employee by sex and marital status,Sex: Female,Marital status (Aggregate): Total,,2012,39.62,,,,Repository: ILO-STATISTICS - Micro data processing
Venezuela (Bolivarian Republic of),LFS - Household Sample Survey,Mean weekly hours actually worked per employee by sex and marital status,Sex: Female,Marital status (Aggregate): Single / Widowed / Divorced,,2012,39.93,,,,Repository: ILO-STATISTICS - Micro data processing
Venezuela (Bolivarian Republic of),LFS - Household Sample Survey,Mean weekly hours actually worked per employee by sex and marital status,Sex: Female,Marital status (Aggregate): Married / Union / Cohabiting,,2012,39.28,,,,Repository: ILO-STATISTICS - Micro data processing
Venezuela (Bolivarian Republic of),LFS - Household Sample Survey,Mean weekly hours actually worked per employee by sex and marital status,Sex: Female,Marital status (Aggregate): Not elsewhere classified,,2012,,Unreliable,,,Repository: ILO-STATISTICS - Micro data processing
Venezuela (Bolivarian Republic of),LFS - Household Sample Survey,Mean weekly hours actually worked per employee by sex and marital status,Sex: Total,Marital status (Detailed): Total,,2012,41.42,,,,Repository: ILO-STATISTICS - Micro data processing
Venezuela (Bolivarian Republic of),LFS - Household Sample Survey,Mean weekly hours actually worked per employee by sex and marital status,Sex: Total,Marital status (Detailed): Single,,2012,40.93,,,,Repository: ILO-STATISTICS - Micro data processing
Venezuela (Bolivarian Republic of),LFS - Household Sample Survey,Mean weekly hours actually worked per employee by sex and marital status,Sex: Total,Marital status (Detailed): Married,,2012,41.61,,,,Repository: ILO-STATISTICS - Micro data processing
Venezuela (Bolivarian Republic of),LFS - Household Sample Survey,Mean weekly hours actually worked per employee by sex and marital status,Sex: Total,Marital status (Detailed): Union / Cohabiting,,2012,42.02,,,,Repository: ILO-STATISTICS - Micro data processing
Venezuela (Bolivarian Republic of),LFS - Household Sample Survey,Mean weekly hours actually worked per employee by sex and marital status,Sex: Total,Marital status (Detailed): Widowed,,2012,40.15,,,,Repository: ILO-STATISTICS - Micro data processing
Venezuela (Bolivarian Republic of),LFS - Household Sample Survey,Mean weekly hours actually worked per employee by sex and marital status,Sex: Total,Marital status (Detailed): Divorced or legally separated,,2012,40.8,,,,Repository: ILO-STATISTICS - Micro data processing
Venezuela (Bolivarian Republic of),LFS - Household Sample Survey,Mean weekly hours actually worked per employee by sex and marital status,Sex: Total,Marital status (Detailed): Not elsewhere classified,,2012,38.17,Unreliable,,,Repository: ILO-STATISTICS - Micro data processing
Venezuela (Bolivarian Republic of),LFS - Household Sample Survey,Mean weekly hours actually worked per employee by sex and marital status,Sex: Male,Marital status (Detailed): Total,,2012,42.64,,,,Repository: ILO-STATISTICS - Micro data processing
Venezuela (Bolivarian Republic of),LFS - Household Sample Survey,Mean weekly hours actually worked per employee by sex and marital status,Sex: Male,Marital status (Detailed): Single,,2012,41.53,,,,Repository: ILO-STATISTICS - Micro data processing
Venezuela (Bolivarian Republic of),LFS - Household Sample Survey,Mean weekly hours actually worked per employee by sex and marital status,Sex: Male,Marital status (Detailed): Married,,2012,43.11,,,,Repository: ILO-STATISTICS - Micro data processing
Venezuela (Bolivarian Republic of),LFS - Household Sample Survey,Mean weekly hours actually worked per employee by sex and marital status,Sex: Male,Marital status (Detailed): Union / Cohabiting,,2012,43.36,,,,Repository: ILO-STATISTICS - Micro data processing
Venezuela (Bolivarian Republic of),LFS - Household Sample Survey,Mean weekly hours actually worked per employee by sex and marital status,Sex: Male,Marital status (Detailed): Widowed,,2012,42.49,,,,Repository: ILO-STATISTICS - Micro data processing
Venezuela (Bolivarian Republic of),LFS - Household Sample Survey,Mean weekly hours actually worked per employee by sex and marital status,Sex: Male,Marital status (Detailed): Divorced or legally separated,,2012,42.72,,,,Repository: ILO-STATISTICS - Micro data processing
Venezuela (Bolivarian Republic of),LFS - Household Sample Survey,Mean weekly hours actually worked per employee by sex and marital status,Sex: Male,Marital status (Detailed): Not elsewhere classified,,2012,,Unreliable,,,Repository: ILO-STATISTICS - Micro data processing
Venezuela (Bolivarian Republic of),LFS - Household Sample Survey,Mean weekly hours actually worked per employee by sex and marital status,Sex: Female,Marital status (Detailed): Total,,2012,39.62,,,,Repository: ILO-STATISTICS - Micro data processing
Venezuela (Bolivarian Republic of),LFS - Household Sample Survey,Mean weekly hours actually worked per employee by sex and marital status,Sex: Female,Marital status (Detailed): Single,,2012,39.98,,,,Repository: ILO-STATISTICS - Micro data processing
Venezuela (Bolivarian Republic of),LFS - Household Sample Survey,Mean weekly hours actually worked per employee by sex and marital status,Sex: Female,Marital status (Detailed): Married,,2012,39.16,,,,Repository: ILO-STATISTICS - Micro data processing
Venezuela (Bolivarian Republic of),LFS - Household Sample Survey,Mean weekly hours actually worked per employee by sex and marital status,Sex: Female,Marital status (Detailed): Union / Cohabiting,,2012,39.38,,,,Repository: ILO-STATISTICS - Micro data processing
Venezuela (Bolivarian Republic of),LFS - Household Sample Survey,Mean weekly hours actually worked per employee by sex and marital status,Sex: Female,Marital status (Detailed): Widowed,,2012,39.12,,,,Repository: ILO-STATISTICS - Micro data processing
Venezuela (Bolivarian Republic of),LFS - Household Sample Survey,Mean weekly hours actually worked per employee by sex and marital status,Sex: Female,Marital status (Detailed): Divorced or legally separated,,2012,39.94,,,,Repository: ILO-STATISTICS - Micro data processing
Venezuela (Bolivarian Republic of),LFS - Household Sample Survey,Mean weekly hours actually worked per employee by sex and marital status,Sex: Female,Marital status (Detailed): Not elsewhere classified,,2012,,Unreliable,,,Repository: ILO-STATISTICS - Micro data processing
Venezuela (Bolivarian Republic of),LFS - Household Sample Survey,Mean weekly hours actually worked per employee by sex and marital status,Sex: Total,Marital status (Aggregate): Total,,2011,41.61,,,,Repository: ILO-STATISTICS - Micro data processing
Venezuela (Bolivarian Republic of),LFS - Household Sample Survey,Mean weekly hours actually worked per employee by sex and marital status,Sex: Total,Marital status (Aggregate): Single / Widowed / Divorced,,2011,41.21,,,,Repository: ILO-STATISTICS - Micro data processing
Venezuela (Bolivarian Republic of),LFS - Household Sample Survey,Mean weekly hours actually worked per employee by sex and marital status,Sex: Total,Marital status (Aggregate): Married / Union / Cohabiting,,2011,41.94,,,,Repository: ILO-STATISTICS - Micro data processing
Venezuela (Bolivarian Republic of),LFS - Household Sample Survey,Mean weekly hours actually worked per employee by sex and marital status,Sex: Total,Marital status (Aggregate): Not elsewhere classified,,2011,38.06,Unreliable,,,Repository: ILO-STATISTICS - Micro data processing
Venezuela (Bolivarian Republic of),LFS - Household Sample Survey,Mean weekly hours actually worked per employee by sex and marital status,Sex: Male,Marital status (Aggregate): Total,,2011,42.94,,,,Repository: ILO-STATISTICS - Micro data processing
Venezuela (Bolivarian Republic of),LFS - Household Sample Survey,Mean weekly hours actually worked per employee by sex and marital status,Sex: Male,Marital status (Aggregate): Single / Widowed / Divorced,,2011,42.14,,,,Repository: ILO-STATISTICS - Micro data processing
Venezuela (Bolivarian Republic of),LFS - Household Sample Survey,Mean weekly hours actually worked per employee by sex and marital status,Sex: Male,Marital status (Aggregate): Married / Union / Cohabiting,,2011,43.48,,,,Repository: ILO-STATISTICS - Micro data processing
Venezuela (Bolivarian Republic of),LFS - Household Sample Survey,Mean weekly hours actually worked per employee by sex and marital status,Sex: Male,Marital status (Aggregate): Not elsewhere classified,,2011,35.0,Unreliable,,,Repository: ILO-STATISTICS - Micro data processing
Venezuela (Bolivarian Republic of),LFS - Household Sample Survey,Mean weekly hours actually worked per employee by sex and marital status,Sex: Female,Marital status (Aggregate): Total,,2011,39.66,,,,Repository: ILO-STATISTICS - Micro data processing
Venezuela (Bolivarian Republic of),LFS - Household Sample Survey,Mean weekly hours actually worked per employee by sex and marital status,Sex: Female,Marital status (Aggregate): Single / Widowed / Divorced,,2011,40.15,,,,Repository: ILO-STATISTICS - Micro data processing
Venezuela (Bolivarian Republic of),LFS - Household Sample Survey,Mean weekly hours actually worked per employee by sex and marital status,Sex: Female,Marital status (Aggregate): Married / Union / Cohabiting,,2011,39.12,,,,Repository: ILO-STATISTICS - Micro data processing
Venezuela (Bolivarian Republic of),LFS - Household Sample Survey,Mean weekly hours actually worked per employee by sex and marital status,Sex: Female,Marital status (Aggregate): Not elsewhere classified,,2011,44.29,Unreliable,,,Repository: ILO-STATISTICS - Micro data processing
Venezuela (Bolivarian Republic of),LFS - Household Sample Survey,Mean weekly hours actually worked per employee by sex and marital status,Sex: Total,Marital status (Detailed): Total,,2011,41.61,,,,Repository: ILO-STATISTICS - Micro data processing
Venezuela (Bolivarian Republic of),LFS - Household Sample Survey,Mean weekly hours actually worked per employee by sex and marital status,Sex: Total,Marital status (Detailed): Single,,2011,41.2,,,,Repository: ILO-STATISTICS - Micro data processing
Venezuela (Bolivarian Republic of),LFS - Household Sample Survey,Mean weekly hours actually worked per employee by sex and marital status,Sex: Total,Marital status (Detailed): Married,,2011,41.59,,,,Repository: ILO-STATISTICS - Micro data processing
Venezuela (Bolivarian Republic of),LFS - Household Sample Survey,Mean weekly hours actually worked per employee by sex and marital status,Sex: Total,Marital status (Detailed): Union / Cohabiting,,2011,42.18,,,,Repository: ILO-STATISTICS - Micro data processing
Venezuela (Bolivarian Republic of),LFS - Household Sample Survey,Mean weekly hours actually worked per employee by sex and marital status,Sex: Total,Marital status (Detailed): Widowed,,2011,40.49,,,,Repository: ILO-STATISTICS - Micro data processing
Venezuela (Bolivarian Republic of),LFS - Household Sample Survey,Mean weekly hours actually worked per employee by sex and marital status,Sex: Total,Marital status (Detailed): Divorced or legally separated,,2011,41.3,,,,Repository: ILO-STATISTICS - Micro data processing
Venezuela (Bolivarian Republic of),LFS - Household Sample Survey,Mean weekly hours actually worked per employee by sex and marital status,Sex: Total,Marital status (Detailed): Not elsewhere classified,,2011,38.06,Unreliable,,,Repository: ILO-STATISTICS - Micro data processing
Venezuela (Bolivarian Republic of),LFS - Household Sample Survey,Mean weekly hours actually worked per employee by sex and marital status,Sex: Male,Marital status (Detailed): Total,,2011,42.94,,,,Repository: ILO-STATISTICS - Micro data processing
Venezuela (Bolivarian Republic of),LFS - Household Sample Survey,Mean weekly hours actually worked per employee by sex and marital status,Sex: Male,Marital status (Detailed): Single,,2011,41.88,,,,Repository: ILO-STATISTICS - Micro data processing
Venezuela (Bolivarian Republic of),LFS - Household Sample Survey,Mean weekly hours actually worked per employee by sex and marital status,Sex: Male,Marital status (Detailed): Married,,2011,43.19,,,,Repository: ILO-STATISTICS - Micro data processing
Venezuela (Bolivarian Republic of),LFS - Household Sample Survey,Mean weekly hours actually worked per employee by sex and marital status,Sex: Male,Marital status (Detailed): Union / Cohabiting,,2011,43.66,,,,Repository: ILO-STATISTICS - Micro data processing
Venezuela (Bolivarian Republic of),LFS - Household Sample Survey,Mean weekly hours actually worked per employee by sex and marital status,Sex: Male,Marital status (Detailed): Widowed,,2011,43.0,,,,Repository: ILO-STATISTICS - Micro data processing
Venezuela (Bolivarian Republic of),LFS - Household Sample Survey,Mean weekly hours actually worked per employee by sex and marital status,Sex: Male,Marital status (Detailed): Divorced or legally separated,,2011,43.94,,,,Repository: ILO-STATISTICS - Micro data processing
Venezuela (Bolivarian Republic of),LFS - Household Sample Survey,Mean weekly hours actually worked per employee by sex and marital status,Sex: Male,Marital status (Detailed): Not elsewhere classified,,2011,35.0,Unreliable,,,Repository: ILO-STATISTICS - Micro data processing
Venezuela (Bolivarian Republic of),LFS - Household Sample Survey,Mean weekly hours actually worked per employee by sex and marital status,Sex: Female,Marital status (Detailed): Total,,2011,39.66,,,,Repository: ILO-STATISTICS - Micro data processing
Venezuela (Bolivarian Republic of),LFS - Household Sample Survey,Mean weekly hours actually worked per employee by sex and marital status,Sex: Female,Marital status (Detailed): Single,,2011,40.16,,,,Repository: ILO-STATISTICS - Micro data processing
Venezuela (Bolivarian Republic of),LFS - Household Sample Survey,Mean weekly hours actually worked per employee by sex and marital status,Sex: Female,Marital status (Detailed): Married,,2011,38.98,,,,Repository: ILO-STATISTICS - Micro data processing
Venezuela (Bolivarian Republic of),LFS - Household Sample Survey,Mean weekly hours actually worked per employee by sex and marital status,Sex: Female,Marital status (Detailed): Union / Cohabiting,,2011,39.22,,,,Repository: ILO-STATISTICS - Micro data processing
Venezuela (Bolivarian Republic of),LFS - Household Sample Survey,Mean weekly hours actually worked per employee by sex and marital status,Sex: Female,Marital status (Detailed): Widowed,,2011,39.46,,,,Repository: ILO-STATISTICS - Micro data processing
Venezuela (Bolivarian Republic of),LFS - Household Sample Survey,Mean weekly hours actually worked per employee by sex and marital status,Sex: Female,Marital status (Detailed): Divorced or legally separated,,2011,40.22,,,,Repository: ILO-STATISTICS - Micro data processing
Venezuela (Bolivarian Republic of),LFS - Household Sample Survey,Mean weekly hours actually worked per employee by sex and marital status,Sex: Female,Marital status (Detailed): Not elsewhere classified,,2011,44.29,Unreliable,,,Repository: ILO-STATISTICS - Micro data processing
Venezuela (Bolivarian Republic of),LFS - Household Sample Survey,Mean weekly hours actually worked per employee by sex and marital status,Sex: Total,Marital status (Aggregate): Total,,2010,42.1,,,,Repository: ILO-STATISTICS - Micro data processing
Venezuela (Bolivarian Republic of),LFS - Household Sample Survey,Mean weekly hours actually worked per employee by sex and marital status,Sex: Total,Marital status (Aggregate): Single / Widowed / Divorced,,2010,41.53,,,,Repository: ILO-STATISTICS - Micro data processing
Venezuela (Bolivarian Republic of),LFS - Household Sample Survey,Mean weekly hours actually worked per employee by sex and marital status,Sex: Total,Marital status (Aggregate): Married / Union / Cohabiting,,2010,42.56,,,,Repository: ILO-STATISTICS - Micro data processing
Venezuela (Bolivarian Republic of),LFS - Household Sample Survey,Mean weekly hours actually worked per employee by sex and marital status,Sex: Total,Marital status (Aggregate): Not elsewhere classified,,2010,40.57,Unreliable,,,Repository: ILO-STATISTICS - Micro data processing
Venezuela (Bolivarian Republic of),LFS - Household Sample Survey,Mean weekly hours actually worked per employee by sex and marital status,Sex: Male,Marital status (Aggregate): Total,,2010,43.61,,,,Repository: ILO-STATISTICS - Micro data processing
Venezuela (Bolivarian Republic of),LFS - Household Sample Survey,Mean weekly hours actually worked per employee by sex and marital status,Sex: Male,Marital status (Aggregate): Single / Widowed / Divorced,,2010,42.61,,,,Repository: ILO-STATISTICS - Micro data processing
Venezuela (Bolivarian Republic of),LFS - Household Sample Survey,Mean weekly hours actually worked per employee by sex and marital status,Sex: Male,Marital status (Aggregate): Married / Union / Cohabiting,,2010,44.28,,,,Repository: ILO-STATISTICS - Micro data processing
Venezuela (Bolivarian Republic of),LFS - Household Sample Survey,Mean weekly hours actually worked per employee by sex and marital status,Sex: Male,Marital status (Aggregate): Not elsewhere classified,,2010,,Unreliable,,,Repository: ILO-STATISTICS - Micro data processing
Venezuela (Bolivarian Republic of),LFS - Household Sample Survey,Mean weekly hours actually worked per employee by sex and marital status,Sex: Female,Marital status (Aggregate): Total,,2010,39.83,,,,Repository: ILO-STATISTICS - Micro data processing
Venezuela (Bolivarian Republic of),LFS - Household Sample Survey,Mean weekly hours actually worked per employee by sex and marital status,Sex: Female,Marital status (Aggregate): Single / Widowed / Divorced,,2010,40.32,,,,Repository: ILO-STATISTICS - Micro data processing
Venezuela (Bolivarian Republic of),LFS - Household Sample Survey,Mean weekly hours actually worked per employee by sex and marital status,Sex: Female,Marital status (Aggregate): Married / Union / Cohabiting,,2010,39.28,,,,Repository: ILO-STATISTICS - Micro data processing
Venezuela (Bolivarian Republic of),LFS - Household Sample Survey,Mean weekly hours actually worked per employee by sex and marital status,Sex: Female,Marital status (Aggregate): Not elsewhere classified,,2010,,Unreliable,,,Repository: ILO-STATISTICS - Micro data processing
Venezuela (Bolivarian Republic of),LFS - Household Sample Survey,Mean weekly hours actually worked per employee by sex and marital status,Sex: Total,Marital status (Detailed): Total,,2010,42.1,,,,Repository: ILO-STATISTICS - Micro data processing
Venezuela (Bolivarian Republic of),LFS - Household Sample Survey,Mean weekly hours actually worked per employee by sex and marital status,Sex: Total,Marital status (Detailed): Single,,2010,41.63,,,,Repository: ILO-STATISTICS - Micro data processing
Venezuela (Bolivarian Republic of),LFS - Household Sample Survey,Mean weekly hours actually worked per employee by sex and marital status,Sex: Total,Marital status (Detailed): Married,,2010,42.14,,,,Repository: ILO-STATISTICS - Micro data processing
Venezuela (Bolivarian Republic of),LFS - Household Sample Survey,Mean weekly hours actually worked per employee by sex and marital status,Sex: Total,Marital status (Detailed): Union / Cohabiting,,2010,42.85,,,,Repository: ILO-STATISTICS - Micro data processing
Venezuela (Bolivarian Republic of),LFS - Household Sample Survey,Mean weekly hours actually worked per employee by sex and marital status,Sex: Total,Marital status (Detailed): Widowed,,2010,39.56,,,,Repository: ILO-STATISTICS - Micro data processing
Venezuela (Bolivarian Republic of),LFS - Household Sample Survey,Mean weekly hours actually worked per employee by sex and marital status,Sex: Total,Marital status (Detailed): Divorced or legally separated,,2010,41.37,,,,Repository: ILO-STATISTICS - Micro data processing
Venezuela (Bolivarian Republic of),LFS - Household Sample Survey,Mean weekly hours actually worked per employee by sex and marital status,Sex: Total,Marital status (Detailed): Not elsewhere classified,,2010,40.57,Unreliable,,,Repository: ILO-STATISTICS - Micro data processing
Venezuela (Bolivarian Republic of),LFS - Household Sample Survey,Mean weekly hours actually worked per employee by sex and marital status,Sex: Male,Marital status (Detailed): Total,,2010,43.61,,,,Repository: ILO-STATISTICS - Micro data processing
Venezuela (Bolivarian Republic of),LFS - Household Sample Survey,Mean weekly hours actually worked per employee by sex and marital status,Sex: Male,Marital status (Detailed): Single,,2010,42.43,,,,Repository: ILO-STATISTICS - Micro data processing
Venezuela (Bolivarian Republic of),LFS - Household Sample Survey,Mean weekly hours actually worked per employee by sex and marital status,Sex: Male,Marital status (Detailed): Married,,2010,43.99,,,,Repository: ILO-STATISTICS - Micro data processing
Venezuela (Bolivarian Republic of),LFS - Household Sample Survey,Mean weekly hours actually worked per employee by sex and marital status,Sex: Male,Marital status (Detailed): Union / Cohabiting,,2010,44.46,,,,Repository: ILO-STATISTICS - Micro data processing
Venezuela (Bolivarian Republic of),LFS - Household Sample Survey,Mean weekly hours actually worked per employee by sex and marital status,Sex: Male,Marital status (Detailed): Widowed,,2010,41.72,,,,Repository: ILO-STATISTICS - Micro data processing
Venezuela (Bolivarian Republic of),LFS - Household Sample Survey,Mean weekly hours actually worked per employee by sex and marital status,Sex: Male,Marital status (Detailed): Divorced or legally separated,,2010,44.16,,,,Repository: ILO-STATISTICS - Micro data processing
Venezuela (Bolivarian Republic of),LFS - Household Sample Survey,Mean weekly hours actually worked per employee by sex and marital status,Sex: Male,Marital status (Detailed): Not elsewhere classified,,2010,,Unreliable,,,Repository: ILO-STATISTICS - Micro data processing
Venezuela (Bolivarian Republic of),LFS - Household Sample Survey,Mean weekly hours actually worked per employee by sex and marital status,Sex: Female,Marital status (Detailed): Total,,2010,39.83,,,,Repository: ILO-STATISTICS - Micro data processing
Venezuela (Bolivarian Republic of),LFS - Household Sample Survey,Mean weekly hours actually worked per employee by sex and marital status,Sex: Female,Marital status (Detailed): Single,,2010,40.4,,,,Repository: ILO-STATISTICS - Micro data processing
Venezuela (Bolivarian Republic of),LFS - Household Sample Survey,Mean weekly hours actually worked per employee by sex and marital status,Sex: Female,Marital status (Detailed): Married,,2010,39.08,,,,Repository: ILO-STATISTICS - Micro data processing
Venezuela (Bolivarian Republic of),LFS - Household Sample Survey,Mean weekly hours actually worked per employee by sex and marital status,Sex: Female,Marital status (Detailed): Union / Cohabiting,,2010,39.44,,,,Repository: ILO-STATISTICS - Micro data processing
Venezuela (Bolivarian Republic of),LFS - Household Sample Survey,Mean weekly hours actually worked per employee by sex and marital status,Sex: Female,Marital status (Detailed): Widowed,,2010,38.71,,,,Repository: ILO-STATISTICS - Micro data processing
Venezuela (Bolivarian Republic of),LFS - Household Sample Survey,Mean weekly hours actually worked per employee by sex and marital status,Sex: Female,Marital status (Detailed): Divorced or legally separated,,2010,40.32,,,,Repository: ILO-STATISTICS - Micro data processing
Venezuela (Bolivarian Republic of),LFS - Household Sample Survey,Mean weekly hours actually worked per employee by sex and marital status,Sex: Female,Marital status (Detailed): Not elsewhere classified,,2010,,Unreliable,,,Repository: ILO-STATISTICS - Micro data processing
Venezuela (Bolivarian Republic of),LFS - Household Sample Survey,Mean weekly hours actually worked per employee by sex and marital status,Sex: Total,Marital status (Aggregate): Total,,2009,41.56,,,,Repository: ILO-STATISTICS - Micro data processing
Venezuela (Bolivarian Republic of),LFS - Household Sample Survey,Mean weekly hours actually worked per employee by sex and marital status,Sex: Total,Marital status (Aggregate): Single / Widowed / Divorced,,2009,40.89,,,,Repository: ILO-STATISTICS - Micro data processing
Venezuela (Bolivarian Republic of),LFS - Household Sample Survey,Mean weekly hours actually worked per employee by sex and marital status,Sex: Total,Marital status (Aggregate): Married / Union / Cohabiting,,2009,42.11,,,,Repository: ILO-STATISTICS - Micro data processing
Venezuela (Bolivarian Republic of),LFS - Household Sample Survey,Mean weekly hours actually worked per employee by sex and marital status,Sex: Total,Marital status (Aggregate): Not elsewhere classified,,2009,43.63,,,,Repository: ILO-STATISTICS - Micro data processing
Venezuela (Bolivarian Republic of),LFS - Household Sample Survey,Mean weekly hours actually worked per employee by sex and marital status,Sex: Male,Marital status (Aggregate): Total,,2009,43.21,,,,Repository: ILO-STATISTICS - Micro data processing
Venezuela (Bolivarian Republic of),LFS - Household Sample Survey,Mean weekly hours actually worked per employee by sex and marital status,Sex: Male,Marital status (Aggregate): Single / Widowed / Divorced,,2009,42.13,,,,Repository: ILO-STATISTICS - Micro data processing
Venezuela (Bolivarian Republic of),LFS - Household Sample Survey,Mean weekly hours actually worked per employee by sex and marital status,Sex: Male,Marital status (Aggregate): Married / Union / Cohabiting,,2009,43.94,,,,Repository: ILO-STATISTICS - Micro data processing
Venezuela (Bolivarian Republic of),LFS - Household Sample Survey,Mean weekly hours actually worked per employee by sex and marital status,Sex: Male,Marital status (Aggregate): Not elsewhere classified,,2009,46.62,,,,Repository: ILO-STATISTICS - Micro data processing
Venezuela (Bolivarian Republic of),LFS - Household Sample Survey,Mean weekly hours actually worked per employee by sex and marital status,Sex: Female,Marital status (Aggregate): Total,,2009,39.1,,,,Repository: ILO-STATISTICS - Micro data processing
Venezuela (Bolivarian Republic of),LFS - Household Sample Survey,Mean weekly hours actually worked per employee by sex and marital status,Sex: Female,Marital status (Aggregate): Single / Widowed / Divorced,,2009,39.44,,,,Repository: ILO-STATISTICS - Micro data processing
Venezuela (Bolivarian Republic of),LFS - Household Sample Survey,Mean weekly hours actually worked per employee by sex and marital status,Sex: Female,Marital status (Aggregate): Married / Union / Cohabiting,,2009,38.72,,,,Repository: ILO-STATISTICS - Micro data processing
Venezuela (Bolivarian Republic of),LFS - Household Sample Survey,Mean weekly hours actually worked per employee by sex and marital status,Sex: Female,Marital status (Aggregate): Not elsewhere classified,,2009,40.18,,,,Repository: ILO-STATISTICS - Micro data processing
Venezuela (Bolivarian Republic of),LFS - Household Sample Survey,Mean weekly hours actually worked per employee by sex and marital status,Sex: Total,Marital status (Detailed): Total,,2009,41.56,,,,Repository: ILO-STATISTICS - Micro data processing
Venezuela (Bolivarian Republic of),LFS - Household Sample Survey,Mean weekly hours actually worked per employee by sex and marital status,Sex: Total,Marital status (Detailed): Single,,2009,40.99,,,,Repository: ILO-STATISTICS - Micro data processing
Venezuela (Bolivarian Republic of),LFS - Household Sample Survey,Mean weekly hours actually worked per employee by sex and marital status,Sex: Total,Marital status (Detailed): Married,,2009,41.42,,,,Repository: ILO-STATISTICS - Micro data processing
Venezuela (Bolivarian Republic of),LFS - Household Sample Survey,Mean weekly hours actually worked per employee by sex and marital status,Sex: Total,Marital status (Detailed): Union / Cohabiting,,2009,42.64,,,,Repository: ILO-STATISTICS - Micro data processing
Venezuela (Bolivarian Republic of),LFS - Household Sample Survey,Mean weekly hours actually worked per employee by sex and marital status,Sex: Total,Marital status (Detailed): Widowed,,2009,39.61,,,,Repository: ILO-STATISTICS - Micro data processing
Venezuela (Bolivarian Republic of),LFS - Household Sample Survey,Mean weekly hours actually worked per employee by sex and marital status,Sex: Total,Marital status (Detailed): Divorced or legally separated,,2009,40.62,,,,Repository: ILO-STATISTICS - Micro data processing
Venezuela (Bolivarian Republic of),LFS - Household Sample Survey,Mean weekly hours actually worked per employee by sex and marital status,Sex: Total,Marital status (Detailed): Not elsewhere classified,,2009,43.63,,,,Repository: ILO-STATISTICS - Micro data processing
Venezuela (Bolivarian Republic of),LFS - Household Sample Survey,Mean weekly hours actually worked per employee by sex and marital status,Sex: Male,Marital status (Detailed): Total,,2009,43.21,,,,Repository: ILO-STATISTICS - Micro data processing
Venezuela (Bolivarian Republic of),LFS - Household Sample Survey,Mean weekly hours actually worked per employee by sex and marital status,Sex: Male,Marital status (Detailed): Single,,2009,41.96,,,,Repository: ILO-STATISTICS - Micro data processing
Venezuela (Bolivarian Republic of),LFS - Household Sample Survey,Mean weekly hours actually worked per employee by sex and marital status,Sex: Male,Marital status (Detailed): Married,,2009,43.34,,,,Repository: ILO-STATISTICS - Micro data processing
Venezuela (Bolivarian Republic of),LFS - Household Sample Survey,Mean weekly hours actually worked per employee by sex and marital status,Sex: Male,Marital status (Detailed): Union / Cohabiting,,2009,44.36,,,,Repository: ILO-STATISTICS - Micro data processing
Venezuela (Bolivarian Republic of),LFS - Household Sample Survey,Mean weekly hours actually worked per employee by sex and marital status,Sex: Male,Marital status (Detailed): Widowed,,2009,42.27,,,,Repository: ILO-STATISTICS - Micro data processing
Venezuela (Bolivarian Republic of),LFS - Household Sample Survey,Mean weekly hours actually worked per employee by sex and marital status,Sex: Male,Marital status (Detailed): Divorced or legally separated,,2009,43.75,,,,Repository: ILO-STATISTICS - Micro data processing
Venezuela (Bolivarian Republic of),LFS - Household Sample Survey,Mean weekly hours actually worked per employee by sex and marital status,Sex: Male,Marital status (Detailed): Not elsewhere classified,,2009,46.62,,,,Repository: ILO-STATISTICS - Micro data processing
Venezuela (Bolivarian Republic of),LFS - Household Sample Survey,Mean weekly hours actually worked per employee by sex and marital status,Sex: Female,Marital status (Detailed): Total,,2009,39.1,,,,Repository: ILO-STATISTICS - Micro data processing
Venezuela (Bolivarian Republic of),LFS - Household Sample Survey,Mean weekly hours actually worked per employee by sex and marital status,Sex: Female,Marital status (Detailed): Single,,2009,39.51,,,,Repository: ILO-STATISTICS - Micro data processing
Venezuela (Bolivarian Republic of),LFS - Household Sample Survey,Mean weekly hours actually worked per employee by sex and marital status,Sex: Female,Marital status (Detailed): Married,,2009,38.3,,,,Repository: ILO-STATISTICS - Micro data processing
Venezuela (Bolivarian Republic of),LFS - Household Sample Survey,Mean weekly hours actually worked per employee by sex and marital status,Sex: Female,Marital status (Detailed): Union / Cohabiting,,2009,39.1,,,,Repository: ILO-STATISTICS - Micro data processing
Venezuela (Bolivarian Republic of),LFS - Household Sample Survey,Mean weekly hours actually worked per employee by sex and marital status,Sex: Female,Marital status (Detailed): Widowed,,2009,38.64,,,,Repository: ILO-STATISTICS - Micro data processing
Venezuela (Bolivarian Republic of),LFS - Household Sample Survey,Mean weekly hours actually worked per employee by sex and marital status,Sex: Female,Marital status (Detailed): Divorced or legally separated,,2009,39.39,,,,Repository: ILO-STATISTICS - Micro data processing
Venezuela (Bolivarian Republic of),LFS - Household Sample Survey,Mean weekly hours actually worked per employee by sex and marital status,Sex: Female,Marital status (Detailed): Not elsewhere classified,,2009,40.18,,,,Repository: ILO-STATISTICS - Micro data processing
Venezuela (Bolivarian Republic of),LFS - Household Sample Survey,Mean weekly hours actually worked per employee by sex and marital status,Sex: Total,Marital status (Aggregate): Total,,2008,41.87,,,,Repository: ILO-STATISTICS - Micro data processing
Venezuela (Bolivarian Republic of),LFS - Household Sample Survey,Mean weekly hours actually worked per employee by sex and marital status,Sex: Total,Marital status (Aggregate): Single / Widowed / Divorced,,2008,41.17,,,,Repository: ILO-STATISTICS - Micro data processing
Venezuela (Bolivarian Republic of),LFS - Household Sample Survey,Mean weekly hours actually worked per employee by sex and marital status,Sex: Total,Marital status (Aggregate): Married / Union / Cohabiting,,2008,42.42,,,,Repository: ILO-STATISTICS - Micro data processing
Venezuela (Bolivarian Republic of),LFS - Household Sample Survey,Mean weekly hours actually worked per employee by sex and marital status,Sex: Total,Marital status (Aggregate): Not elsewhere classified,,2008,46.81,Unreliable,,,Repository: ILO-STATISTICS - Micro data processing
Venezuela (Bolivarian Republic of),LFS - Household Sample Survey,Mean weekly hours actually worked per employee by sex and marital status,Sex: Male,Marital status (Aggregate): Total,,2008,43.46,,,,Repository: ILO-STATISTICS - Micro data processing
Venezuela (Bolivarian Republic of),LFS - Household Sample Survey,Mean weekly hours actually worked per employee by sex and marital status,Sex: Male,Marital status (Aggregate): Single / Widowed / Divorced,,2008,42.25,,,,Repository: ILO-STATISTICS - Micro data processing
Venezuela (Bolivarian Republic of),LFS - Household Sample Survey,Mean weekly hours actually worked per employee by sex and marital status,Sex: Male,Marital status (Aggregate): Married / Union / Cohabiting,,2008,44.26,,,,Repository: ILO-STATISTICS - Micro data processing
Venezuela (Bolivarian Republic of),LFS - Household Sample Survey,Mean weekly hours actually worked per employee by sex and marital status,Sex: Male,Marital status (Aggregate): Not elsewhere classified,,2008,53.39,Unreliable,,,Repository: ILO-STATISTICS - Micro data processing
Venezuela (Bolivarian Republic of),LFS - Household Sample Survey,Mean weekly hours actually worked per employee by sex and marital status,Sex: Female,Marital status (Aggregate): Total,,2008,39.5,,,,Repository: ILO-STATISTICS - Micro data processing
Venezuela (Bolivarian Republic of),LFS - Household Sample Survey,Mean weekly hours actually worked per employee by sex and marital status,Sex: Female,Marital status (Aggregate): Single / Widowed / Divorced,,2008,39.91,,,,Repository: ILO-STATISTICS - Micro data processing
Venezuela (Bolivarian Republic of),LFS - Household Sample Survey,Mean weekly hours actually worked per employee by sex and marital status,Sex: Female,Marital status (Aggregate): Married / Union / Cohabiting,,2008,39.08,,,,Repository: ILO-STATISTICS - Micro data processing
Venezuela (Bolivarian Republic of),LFS - Household Sample Survey,Mean weekly hours actually worked per employee by sex and marital status,Sex: Female,Marital status (Aggregate): Not elsewhere classified,,2008,,Unreliable,,,Repository: ILO-STATISTICS - Micro data processing
Venezuela (Bolivarian Republic of),LFS - Household Sample Survey,Mean weekly hours actually worked per employee by sex and marital status,Sex: Total,Marital status (Detailed): Total,,2008,41.87,,,,Repository: ILO-STATISTICS - Micro data processing
Venezuela (Bolivarian Republic of),LFS - Household Sample Survey,Mean weekly hours actually worked per employee by sex and marital status,Sex: Total,Marital status (Detailed): Single,,2008,41.22,,,,Repository: ILO-STATISTICS - Micro data processing
Venezuela (Bolivarian Republic of),LFS - Household Sample Survey,Mean weekly hours actually worked per employee by sex and marital status,Sex: Total,Marital status (Detailed): Married,,2008,41.77,,,,Repository: ILO-STATISTICS - Micro data processing
Venezuela (Bolivarian Republic of),LFS - Household Sample Survey,Mean weekly hours actually worked per employee by sex and marital status,Sex: Total,Marital status (Detailed): Union / Cohabiting,,2008,42.99,,,,Repository: ILO-STATISTICS - Micro data processing
Venezuela (Bolivarian Republic of),LFS - Household Sample Survey,Mean weekly hours actually worked per employee by sex and marital status,Sex: Total,Marital status (Detailed): Widowed,,2008,40.02,,,,Repository: ILO-STATISTICS - Micro data processing
Venezuela (Bolivarian Republic of),LFS - Household Sample Survey,Mean weekly hours actually worked per employee by sex and marital status,Sex: Total,Marital status (Detailed): Divorced or legally separated,,2008,41.13,,,,Repository: ILO-STATISTICS - Micro data processing
Venezuela (Bolivarian Republic of),LFS - Household Sample Survey,Mean weekly hours actually worked per employee by sex and marital status,Sex: Total,Marital status (Detailed): Not elsewhere classified,,2008,46.81,Unreliable,,,Repository: ILO-STATISTICS - Micro data processing
Venezuela (Bolivarian Republic of),LFS - Household Sample Survey,Mean weekly hours actually worked per employee by sex and marital status,Sex: Male,Marital status (Detailed): Total,,2008,43.46,,,,Repository: ILO-STATISTICS - Micro data processing
Venezuela (Bolivarian Republic of),LFS - Household Sample Survey,Mean weekly hours actually worked per employee by sex and marital status,Sex: Male,Marital status (Detailed): Single,,2008,42.05,,,,Repository: ILO-STATISTICS - Micro data processing
Venezuela (Bolivarian Republic of),LFS - Household Sample Survey,Mean weekly hours actually worked per employee by sex and marital status,Sex: Male,Marital status (Detailed): Married,,2008,43.71,,,,Repository: ILO-STATISTICS - Micro data processing
Venezuela (Bolivarian Republic of),LFS - Household Sample Survey,Mean weekly hours actually worked per employee by sex and marital status,Sex: Male,Marital status (Detailed): Union / Cohabiting,,2008,44.69,,,,Repository: ILO-STATISTICS - Micro data processing
Venezuela (Bolivarian Republic of),LFS - Household Sample Survey,Mean weekly hours actually worked per employee by sex and marital status,Sex: Male,Marital status (Detailed): Widowed,,2008,43.82,,,,Repository: ILO-STATISTICS - Micro data processing
Venezuela (Bolivarian Republic of),LFS - Household Sample Survey,Mean weekly hours actually worked per employee by sex and marital status,Sex: Male,Marital status (Detailed): Divorced or legally separated,,2008,44.02,,,,Repository: ILO-STATISTICS - Micro data processing
Venezuela (Bolivarian Republic of),LFS - Household Sample Survey,Mean weekly hours actually worked per employee by sex and marital status,Sex: Male,Marital status (Detailed): Not elsewhere classified,,2008,53.39,Unreliable,,,Repository: ILO-STATISTICS - Micro data processing
Venezuela (Bolivarian Republic of),LFS - Household Sample Survey,Mean weekly hours actually worked per employee by sex and marital status,Sex: Female,Marital status (Detailed): Total,,2008,39.5,,,,Repository: ILO-STATISTICS - Micro data processing
Venezuela (Bolivarian Republic of),LFS - Household Sample Survey,Mean weekly hours actually worked per employee by sex and marital status,Sex: Female,Marital status (Detailed): Single,,2008,39.92,,,,Repository: ILO-STATISTICS - Micro data processing
Venezuela (Bolivarian Republic of),LFS - Household Sample Survey,Mean weekly hours actually worked per employee by sex and marital status,Sex: Female,Marital status (Detailed): Married,,2008,38.74,,,,Repository: ILO-STATISTICS - Micro data processing
Venezuela (Bolivarian Republic of),LFS - Household Sample Survey,Mean weekly hours actually worked per employee by sex and marital status,Sex: Female,Marital status (Detailed): Union / Cohabiting,,2008,39.44,,,,Repository: ILO-STATISTICS - Micro data processing
Venezuela (Bolivarian Republic of),LFS - Household Sample Survey,Mean weekly hours actually worked per employee by sex and marital status,Sex: Female,Marital status (Detailed): Widowed,,2008,38.69,,,,Repository: ILO-STATISTICS - Micro data processing
Venezuela (Bolivarian Republic of),LFS - Household Sample Survey,Mean weekly hours actually worked per employee by sex and marital status,Sex: Female,Marital status (Detailed): Divorced or legally separated,,2008,40.04,,,,Repository: ILO-STATISTICS - Micro data processing
Venezuela (Bolivarian Republic of),LFS - Household Sample Survey,Mean weekly hours actually worked per employee by sex and marital status,Sex: Female,Marital status (Detailed): Not elsewhere classified,,2008,,Unreliable,,,Repository: ILO-STATISTICS - Micro data processing
Venezuela (Bolivarian Republic of),LFS - Household Sample Survey,Mean weekly hours actually worked per employee by sex and marital status,Sex: Total,Marital status (Aggregate): Total,,2007,41.97,,,,Repository: ILO-STATISTICS - Micro data processing
Venezuela (Bolivarian Republic of),LFS - Household Sample Survey,Mean weekly hours actually worked per employee by sex and marital status,Sex: Total,Marital status (Aggregate): Single / Widowed / Divorced,,2007,41.27,,,,Repository: ILO-STATISTICS - Micro data processing
Venezuela (Bolivarian Republic of),LFS - Household Sample Survey,Mean weekly hours actually worked per employee by sex and marital status,Sex: Total,Marital status (Aggregate): Married / Union / Cohabiting,,2007,42.55,,,,Repository: ILO-STATISTICS - Micro data processing
Venezuela (Bolivarian Republic of),LFS - Household Sample Survey,Mean weekly hours actually worked per employee by sex and marital status,Sex: Total,Marital status (Aggregate): Not elsewhere classified,,2007,39.73,,,,Repository: ILO-STATISTICS - Micro data processing
Venezuela (Bolivarian Republic of),LFS - Household Sample Survey,Mean weekly hours actually worked per employee by sex and marital status,Sex: Male,Marital status (Aggregate): Total,,2007,43.52,,,,Repository: ILO-STATISTICS - Micro data processing
Venezuela (Bolivarian Republic of),LFS - Household Sample Survey,Mean weekly hours actually worked per employee by sex and marital status,Sex: Male,Marital status (Aggregate): Single / Widowed / Divorced,,2007,42.31,,,,Repository: ILO-STATISTICS - Micro data processing
Venezuela (Bolivarian Republic of),LFS - Household Sample Survey,Mean weekly hours actually worked per employee by sex and marital status,Sex: Male,Marital status (Aggregate): Married / Union / Cohabiting,,2007,44.34,,,,Repository: ILO-STATISTICS - Micro data processing
Venezuela (Bolivarian Republic of),LFS - Household Sample Survey,Mean weekly hours actually worked per employee by sex and marital status,Sex: Male,Marital status (Aggregate): Not elsewhere classified,,2007,42.14,Unreliable,,,Repository: ILO-STATISTICS - Micro data processing
Venezuela (Bolivarian Republic of),LFS - Household Sample Survey,Mean weekly hours actually worked per employee by sex and marital status,Sex: Female,Marital status (Aggregate): Total,,2007,39.55,,,,Repository: ILO-STATISTICS - Micro data processing
Venezuela (Bolivarian Republic of),LFS - Household Sample Survey,Mean weekly hours actually worked per employee by sex and marital status,Sex: Female,Marital status (Aggregate): Single / Widowed / Divorced,,2007,40.02,,,,Repository: ILO-STATISTICS - Micro data processing
Venezuela (Bolivarian Republic of),LFS - Household Sample Survey,Mean weekly hours actually worked per employee by sex and marital status,Sex: Female,Marital status (Aggregate): Married / Union / Cohabiting,,2007,39.04,,,,Repository: ILO-STATISTICS - Micro data processing
Venezuela (Bolivarian Republic of),LFS - Household Sample Survey,Mean weekly hours actually worked per employee by sex and marital status,Sex: Female,Marital status (Aggregate): Not elsewhere classified,,2007,36.24,Unreliable,,,Repository: ILO-STATISTICS - Micro data processing
Venezuela (Bolivarian Republic of),LFS - Household Sample Survey,Mean weekly hours actually worked per employee by sex and marital status,Sex: Total,Marital status (Detailed): Total,,2007,41.97,,,,Repository: ILO-STATISTICS - Micro data processing
Venezuela (Bolivarian Republic of),LFS - Household Sample Survey,Mean weekly hours actually worked per employee by sex and marital status,Sex: Total,Marital status (Detailed): Single,,2007,41.26,,,,Repository: ILO-STATISTICS - Micro data processing
Venezuela (Bolivarian Republic of),LFS - Household Sample Survey,Mean weekly hours actually worked per employee by sex and marital status,Sex: Total,Marital status (Detailed): Married,,2007,42.02,,,,Repository: ILO-STATISTICS - Micro data processing
Venezuela (Bolivarian Republic of),LFS - Household Sample Survey,Mean weekly hours actually worked per employee by sex and marital status,Sex: Total,Marital status (Detailed): Union / Cohabiting,,2007,42.98,,,,Repository: ILO-STATISTICS - Micro data processing
Venezuela (Bolivarian Republic of),LFS - Household Sample Survey,Mean weekly hours actually worked per employee by sex and marital status,Sex: Total,Marital status (Detailed): Widowed,,2007,40.72,,,,Repository: ILO-STATISTICS - Micro data processing
Venezuela (Bolivarian Republic of),LFS - Household Sample Survey,Mean weekly hours actually worked per employee by sex and marital status,Sex: Total,Marital status (Detailed): Divorced or legally separated,,2007,41.4,,,,Repository: ILO-STATISTICS - Micro data processing
Venezuela (Bolivarian Republic of),LFS - Household Sample Survey,Mean weekly hours actually worked per employee by sex and marital status,Sex: Total,Marital status (Detailed): Not elsewhere classified,,2007,39.73,,,,Repository: ILO-STATISTICS - Micro data processing
Venezuela (Bolivarian Republic of),LFS - Household Sample Survey,Mean weekly hours actually worked per employee by sex and marital status,Sex: Male,Marital status (Detailed): Total,,2007,43.52,,,,Repository: ILO-STATISTICS - Micro data processing
Venezuela (Bolivarian Republic of),LFS - Household Sample Survey,Mean weekly hours actually worked per employee by sex and marital status,Sex: Male,Marital status (Detailed): Single,,2007,42.07,,,,Repository: ILO-STATISTICS - Micro data processing
Venezuela (Bolivarian Republic of),LFS - Household Sample Survey,Mean weekly hours actually worked per employee by sex and marital status,Sex: Male,Marital status (Detailed): Married,,2007,44.02,,,,Repository: ILO-STATISTICS - Micro data processing
Venezuela (Bolivarian Republic of),LFS - Household Sample Survey,Mean weekly hours actually worked per employee by sex and marital status,Sex: Male,Marital status (Detailed): Union / Cohabiting,,2007,44.58,,,,Repository: ILO-STATISTICS - Micro data processing
Venezuela (Bolivarian Republic of),LFS - Household Sample Survey,Mean weekly hours actually worked per employee by sex and marital status,Sex: Male,Marital status (Detailed): Widowed,,2007,44.34,,,,Repository: ILO-STATISTICS - Micro data processing
Venezuela (Bolivarian Republic of),LFS - Household Sample Survey,Mean weekly hours actually worked per employee by sex and marital status,Sex: Male,Marital status (Detailed): Divorced or legally separated,,2007,44.24,,,,Repository: ILO-STATISTICS - Micro data processing
Venezuela (Bolivarian Republic of),LFS - Household Sample Survey,Mean weekly hours actually worked per employee by sex and marital status,Sex: Male,Marital status (Detailed): Not elsewhere classified,,2007,42.14,Unreliable,,,Repository: ILO-STATISTICS - Micro data processing
Venezuela (Bolivarian Republic of),LFS - Household Sample Survey,Mean weekly hours actually worked per employee by sex and marital status,Sex: Female,Marital status (Detailed): Total,,2007,39.55,,,,Repository: ILO-STATISTICS - Micro data processing
Venezuela (Bolivarian Republic of),LFS - Household Sample Survey,Mean weekly hours actually worked per employee by sex and marital status,Sex: Female,Marital status (Detailed): Single,,2007,39.99,,,,Repository: ILO-STATISTICS - Micro data processing
Venezuela (Bolivarian Republic of),LFS - Household Sample Survey,Mean weekly hours actually worked per employee by sex and marital status,Sex: Female,Marital status (Detailed): Married,,2007,38.63,,,,Repository: ILO-STATISTICS - Micro data processing
Venezuela (Bolivarian Republic of),LFS - Household Sample Survey,Mean weekly hours actually worked per employee by sex and marital status,Sex: Female,Marital status (Detailed): Union / Cohabiting,,2007,39.44,,,,Repository: ILO-STATISTICS - Micro data processing
Venezuela (Bolivarian Republic of),LFS - Household Sample Survey,Mean weekly hours actually worked per employee by sex and marital status,Sex: Female,Marital status (Detailed): Widowed,,2007,39.4,,,,Repository: ILO-STATISTICS - Micro data processing
Venezuela (Bolivarian Republic of),LFS - Household Sample Survey,Mean weekly hours actually worked per employee by sex and marital status,Sex: Female,Marital status (Detailed): Divorced or legally separated,,2007,40.18,,,,Repository: ILO-STATISTICS - Micro data processing
Venezuela (Bolivarian Republic of),LFS - Household Sample Survey,Mean weekly hours actually worked per employee by sex and marital status,Sex: Female,Marital status (Detailed): Not elsewhere classified,,2007,36.24,Unreliable,,,Repository: ILO-STATISTICS - Micro data processing
Venezuela (Bolivarian Republic of),LFS - Household Sample Survey,Mean weekly hours actually worked per employee by sex and marital status,Sex: Total,Marital status (Aggregate): Total,,2006,42.78,,,,Repository: ILO-STATISTICS - Micro data processing
Venezuela (Bolivarian Republic of),LFS - Household Sample Survey,Mean weekly hours actually worked per employee by sex and marital status,Sex: Total,Marital status (Aggregate): Single / Widowed / Divorced,,2006,41.95,,,,Repository: ILO-STATISTICS - Micro data processing
Venezuela (Bolivarian Republic of),LFS - Household Sample Survey,Mean weekly hours actually worked per employee by sex and marital status,Sex: Total,Marital status (Aggregate): Married / Union / Cohabiting,,2006,43.43,,,,Repository: ILO-STATISTICS - Micro data processing
Venezuela (Bolivarian Republic of),LFS - Household Sample Survey,Mean weekly hours actually worked per employee by sex and marital status,Sex: Total,Marital status (Aggregate): Not elsewhere classified,,2006,45.94,,,,Repository: ILO-STATISTICS - Micro data processing
Venezuela (Bolivarian Republic of),LFS - Household Sample Survey,Mean weekly hours actually worked per employee by sex and marital status,Sex: Male,Marital status (Aggregate): Total,,2006,44.46,,,,Repository: ILO-STATISTICS - Micro data processing
Venezuela (Bolivarian Republic of),LFS - Household Sample Survey,Mean weekly hours actually worked per employee by sex and marital status,Sex: Male,Marital status (Aggregate): Single / Widowed / Divorced,,2006,43.09,,,,Repository: ILO-STATISTICS - Micro data processing
Venezuela (Bolivarian Republic of),LFS - Household Sample Survey,Mean weekly hours actually worked per employee by sex and marital status,Sex: Male,Marital status (Aggregate): Married / Union / Cohabiting,,2006,45.35,,,,Repository: ILO-STATISTICS - Micro data processing
Venezuela (Bolivarian Republic of),LFS - Household Sample Survey,Mean weekly hours actually worked per employee by sex and marital status,Sex: Male,Marital status (Aggregate): Not elsewhere classified,,2006,49.73,Unreliable,,,Repository: ILO-STATISTICS - Micro data processing
Venezuela (Bolivarian Republic of),LFS - Household Sample Survey,Mean weekly hours actually worked per employee by sex and marital status,Sex: Female,Marital status (Aggregate): Total,,2006,40.08,,,,Repository: ILO-STATISTICS - Micro data processing
Venezuela (Bolivarian Republic of),LFS - Household Sample Survey,Mean weekly hours actually worked per employee by sex and marital status,Sex: Female,Marital status (Aggregate): Single / Widowed / Divorced,,2006,40.59,,,,Repository: ILO-STATISTICS - Micro data processing
Venezuela (Bolivarian Republic of),LFS - Household Sample Survey,Mean weekly hours actually worked per employee by sex and marital status,Sex: Female,Marital status (Aggregate): Married / Union / Cohabiting,,2006,39.51,,,,Repository: ILO-STATISTICS - Micro data processing
Venezuela (Bolivarian Republic of),LFS - Household Sample Survey,Mean weekly hours actually worked per employee by sex and marital status,Sex: Female,Marital status (Aggregate): Not elsewhere classified,,2006,40.6,Unreliable,,,Repository: ILO-STATISTICS - Micro data processing
Venezuela (Bolivarian Republic of),LFS - Household Sample Survey,Mean weekly hours actually worked per employee by sex and marital status,Sex: Total,Marital status (Detailed): Total,,2006,42.78,,,,Repository: ILO-STATISTICS - Micro data processing
Venezuela (Bolivarian Republic of),LFS - Household Sample Survey,Mean weekly hours actually worked per employee by sex and marital status,Sex: Total,Marital status (Detailed): Single,,2006,41.93,,,,Repository: ILO-STATISTICS - Micro data processing
Venezuela (Bolivarian Republic of),LFS - Household Sample Survey,Mean weekly hours actually worked per employee by sex and marital status,Sex: Total,Marital status (Detailed): Married,,2006,42.79,,,,Repository: ILO-STATISTICS - Micro data processing
Venezuela (Bolivarian Republic of),LFS - Household Sample Survey,Mean weekly hours actually worked per employee by sex and marital status,Sex: Total,Marital status (Detailed): Union / Cohabiting,,2006,43.98,,,,Repository: ILO-STATISTICS - Micro data processing
Venezuela (Bolivarian Republic of),LFS - Household Sample Survey,Mean weekly hours actually worked per employee by sex and marital status,Sex: Total,Marital status (Detailed): Widowed,,2006,41.63,,,,Repository: ILO-STATISTICS - Micro data processing
Venezuela (Bolivarian Republic of),LFS - Household Sample Survey,Mean weekly hours actually worked per employee by sex and marital status,Sex: Total,Marital status (Detailed): Divorced or legally separated,,2006,42.08,,,,Repository: ILO-STATISTICS - Micro data processing
Venezuela (Bolivarian Republic of),LFS - Household Sample Survey,Mean weekly hours actually worked per employee by sex and marital status,Sex: Total,Marital status (Detailed): Not elsewhere classified,,2006,45.94,,,,Repository: ILO-STATISTICS - Micro data processing
Venezuela (Bolivarian Republic of),LFS - Household Sample Survey,Mean weekly hours actually worked per employee by sex and marital status,Sex: Male,Marital status (Detailed): Total,,2006,44.46,,,,Repository: ILO-STATISTICS - Micro data processing
Venezuela (Bolivarian Republic of),LFS - Household Sample Survey,Mean weekly hours actually worked per employee by sex and marital status,Sex: Male,Marital status (Detailed): Single,,2006,42.86,,,,Repository: ILO-STATISTICS - Micro data processing
Venezuela (Bolivarian Republic of),LFS - Household Sample Survey,Mean weekly hours actually worked per employee by sex and marital status,Sex: Male,Marital status (Detailed): Married,,2006,44.82,,,,Repository: ILO-STATISTICS - Micro data processing
Venezuela (Bolivarian Republic of),LFS - Household Sample Survey,Mean weekly hours actually worked per employee by sex and marital status,Sex: Male,Marital status (Detailed): Union / Cohabiting,,2006,45.77,,,,Repository: ILO-STATISTICS - Micro data processing
Venezuela (Bolivarian Republic of),LFS - Household Sample Survey,Mean weekly hours actually worked per employee by sex and marital status,Sex: Male,Marital status (Detailed): Widowed,,2006,44.78,,,,Repository: ILO-STATISTICS - Micro data processing
Venezuela (Bolivarian Republic of),LFS - Household Sample Survey,Mean weekly hours actually worked per employee by sex and marital status,Sex: Male,Marital status (Detailed): Divorced or legally separated,,2006,45.02,,,,Repository: ILO-STATISTICS - Micro data processing
Venezuela (Bolivarian Republic of),LFS - Household Sample Survey,Mean weekly hours actually worked per employee by sex and marital status,Sex: Male,Marital status (Detailed): Not elsewhere classified,,2006,49.73,Unreliable,,,Repository: ILO-STATISTICS - Micro data processing
Venezuela (Bolivarian Republic of),LFS - Household Sample Survey,Mean weekly hours actually worked per employee by sex and marital status,Sex: Female,Marital status (Detailed): Total,,2006,40.08,,,,Repository: ILO-STATISTICS - Micro data processing
Venezuela (Bolivarian Republic of),LFS - Household Sample Survey,Mean weekly hours actually worked per employee by sex and marital status,Sex: Female,Marital status (Detailed): Single,,2006,40.48,,,,Repository: ILO-STATISTICS - Micro data processing
Venezuela (Bolivarian Republic of),LFS - Household Sample Survey,Mean weekly hours actually worked per employee by sex and marital status,Sex: Female,Marital status (Detailed): Married,,2006,39.16,,,,Repository: ILO-STATISTICS - Micro data processing
Venezuela (Bolivarian Republic of),LFS - Household Sample Survey,Mean weekly hours actually worked per employee by sex and marital status,Sex: Female,Marital status (Detailed): Union / Cohabiting,,2006,39.86,,,,Repository: ILO-STATISTICS - Micro data processing
Venezuela (Bolivarian Republic of),LFS - Household Sample Survey,Mean weekly hours actually worked per employee by sex and marital status,Sex: Female,Marital status (Detailed): Widowed,,2006,40.47,,,,Repository: ILO-STATISTICS - Micro data processing
Venezuela (Bolivarian Republic of),LFS - Household Sample Survey,Mean weekly hours actually worked per employee by sex and marital status,Sex: Female,Marital status (Detailed): Divorced or legally separated,,2006,40.89,,,,Repository: ILO-STATISTICS - Micro data processing
Venezuela (Bolivarian Republic of),LFS - Household Sample Survey,Mean weekly hours actually worked per employee by sex and marital status,Sex: Female,Marital status (Detailed): Not elsewhere classified,,2006,40.6,Unreliable,,,Repository: ILO-STATISTICS - Micro data processing
Venezuela (Bolivarian Republic of),LFS - Household Sample Survey,Mean weekly hours actually worked per employee by sex and marital status,Sex: Total,Marital status (Aggregate): Total,,2005,43.17,Break in series,,Break in series: Methodology revised,Repository: ILO-STATISTICS - Micro data processing
Venezuela (Bolivarian Republic of),LFS - Household Sample Survey,Mean weekly hours actually worked per employee by sex and marital status,Sex: Total,Marital status (Aggregate): Single / Widowed / Divorced,,2005,42.3,Break in series,,Break in series: Methodology revised,Repository: ILO-STATISTICS - Micro data processing
Venezuela (Bolivarian Republic of),LFS - Household Sample Survey,Mean weekly hours actually worked per employee by sex and marital status,Sex: Total,Marital status (Aggregate): Married / Union / Cohabiting,,2005,43.88,Break in series,,Break in series: Methodology revised,Repository: ILO-STATISTICS - Micro data processing
Venezuela (Bolivarian Republic of),LFS - Household Sample Survey,Mean weekly hours actually worked per employee by sex and marital status,Sex: Total,Marital status (Aggregate): Not elsewhere classified,,2005,40.71,Break in series,,Break in series: Methodology revised,Repository: ILO-STATISTICS - Micro data processing
Venezuela (Bolivarian Republic of),LFS - Household Sample Survey,Mean weekly hours actually worked per employee by sex and marital status,Sex: Male,Marital status (Aggregate): Total,,2005,45.04,Break in series,,Break in series: Methodology revised,Repository: ILO-STATISTICS - Micro data processing
Venezuela (Bolivarian Republic of),LFS - Household Sample Survey,Mean weekly hours actually worked per employee by sex and marital status,Sex: Male,Marital status (Aggregate): Single / Widowed / Divorced,,2005,43.53,Break in series,,Break in series: Methodology revised,Repository: ILO-STATISTICS - Micro data processing
Venezuela (Bolivarian Republic of),LFS - Household Sample Survey,Mean weekly hours actually worked per employee by sex and marital status,Sex: Male,Marital status (Aggregate): Married / Union / Cohabiting,,2005,46.03,Break in series,,Break in series: Methodology revised,Repository: ILO-STATISTICS - Micro data processing
Venezuela (Bolivarian Republic of),LFS - Household Sample Survey,Mean weekly hours actually worked per employee by sex and marital status,Sex: Male,Marital status (Aggregate): Not elsewhere classified,,2005,41.99,Break in series,,Break in series: Methodology revised,Repository: ILO-STATISTICS - Micro data processing
Venezuela (Bolivarian Republic of),LFS - Household Sample Survey,Mean weekly hours actually worked per employee by sex and marital status,Sex: Female,Marital status (Aggregate): Total,,2005,40.18,Break in series,,Break in series: Methodology revised,Repository: ILO-STATISTICS - Micro data processing
Venezuela (Bolivarian Republic of),LFS - Household Sample Survey,Mean weekly hours actually worked per employee by sex and marital status,Sex: Female,Marital status (Aggregate): Single / Widowed / Divorced,,2005,40.82,Break in series,,Break in series: Methodology revised,Repository: ILO-STATISTICS - Micro data processing
Venezuela (Bolivarian Republic of),LFS - Household Sample Survey,Mean weekly hours actually worked per employee by sex and marital status,Sex: Female,Marital status (Aggregate): Married / Union / Cohabiting,,2005,39.49,Break in series,,Break in series: Methodology revised,Repository: ILO-STATISTICS - Micro data processing
Venezuela (Bolivarian Republic of),LFS - Household Sample Survey,Mean weekly hours actually worked per employee by sex and marital status,Sex: Female,Marital status (Aggregate): Not elsewhere classified,,2005,38.84,Break in series,,Break in series: Methodology revised,Repository: ILO-STATISTICS - Micro data processing
Venezuela (Bolivarian Republic of),LFS - Household Sample Survey,Mean weekly hours actually worked per employee by sex and marital status,Sex: Total,Marital status (Detailed): Total,,2005,43.17,Break in series,,Break in series: Methodology revised,Repository: ILO-STATISTICS - Micro data processing
Venezuela (Bolivarian Republic of),LFS - Household Sample Survey,Mean weekly hours actually worked per employee by sex and marital status,Sex: Total,Marital status (Detailed): Single,,2005,42.29,Break in series,,Break in series: Methodology revised,Repository: ILO-STATISTICS - Micro data processing
Venezuela (Bolivarian Republic of),LFS - Household Sample Survey,Mean weekly hours actually worked per employee by sex and marital status,Sex: Total,Marital status (Detailed): Married,,2005,43.29,Break in series,,Break in series: Methodology revised,Repository: ILO-STATISTICS - Micro data processing
Venezuela (Bolivarian Republic of),LFS - Household Sample Survey,Mean weekly hours actually worked per employee by sex and marital status,Sex: Total,Marital status (Detailed): Union / Cohabiting,,2005,44.4,Break in series,,Break in series: Methodology revised,Repository: ILO-STATISTICS - Micro data processing
Venezuela (Bolivarian Republic of),LFS - Household Sample Survey,Mean weekly hours actually worked per employee by sex and marital status,Sex: Total,Marital status (Detailed): Widowed,,2005,41.57,Break in series,,Break in series: Methodology revised,Repository: ILO-STATISTICS - Micro data processing
Venezuela (Bolivarian Republic of),LFS - Household Sample Survey,Mean weekly hours actually worked per employee by sex and marital status,Sex: Total,Marital status (Detailed): Divorced or legally separated,,2005,42.44,Break in series,,Break in series: Methodology revised,Repository: ILO-STATISTICS - Micro data processing
Venezuela (Bolivarian Republic of),LFS - Household Sample Survey,Mean weekly hours actually worked per employee by sex and marital status,Sex: Total,Marital status (Detailed): Not elsewhere classified,,2005,40.71,Break in series,,Break in series: Methodology revised,Repository: ILO-STATISTICS - Micro data processing
Venezuela (Bolivarian Republic of),LFS - Household Sample Survey,Mean weekly hours actually worked per employee by sex and marital status,Sex: Male,Marital status (Detailed): Total,,2005,45.04,Break in series,,Break in series: Methodology revised,Repository: ILO-STATISTICS - Micro data processing
Venezuela (Bolivarian Republic of),LFS - Household Sample Survey,Mean weekly hours actually worked per employee by sex and marital status,Sex: Male,Marital status (Detailed): Single,,2005,43.31,Break in series,,Break in series: Methodology revised,Repository: ILO-STATISTICS - Micro data processing
Venezuela (Bolivarian Republic of),LFS - Household Sample Survey,Mean weekly hours actually worked per employee by sex and marital status,Sex: Male,Marital status (Detailed): Married,,2005,45.78,Break in series,,Break in series: Methodology revised,Repository: ILO-STATISTICS - Micro data processing
Venezuela (Bolivarian Republic of),LFS - Household Sample Survey,Mean weekly hours actually worked per employee by sex and marital status,Sex: Male,Marital status (Detailed): Union / Cohabiting,,2005,46.24,Break in series,,Break in series: Methodology revised,Repository: ILO-STATISTICS - Micro data processing
Venezuela (Bolivarian Republic of),LFS - Household Sample Survey,Mean weekly hours actually worked per employee by sex and marital status,Sex: Male,Marital status (Detailed): Widowed,,2005,46.28,Break in series,,Break in series: Methodology revised,Repository: ILO-STATISTICS - Micro data processing
Venezuela (Bolivarian Republic of),LFS - Household Sample Survey,Mean weekly hours actually worked per employee by sex and marital status,Sex: Male,Marital status (Detailed): Divorced or legally separated,,2005,45.16,Break in series,,Break in series: Methodology revised,Repository: ILO-STATISTICS - Micro data processing
Venezuela (Bolivarian Republic of),LFS - Household Sample Survey,Mean weekly hours actually worked per employee by sex and marital status,Sex: Male,Marital status (Detailed): Not elsewhere classified,,2005,41.99,Break in series,,Break in series: Methodology revised,Repository: ILO-STATISTICS - Micro data processing
Venezuela (Bolivarian Republic of),LFS - Household Sample Survey,Mean weekly hours actually worked per employee by sex and marital status,Sex: Female,Marital status (Detailed): Total,,2005,40.18,Break in series,,Break in series: Methodology revised,Repository: ILO-STATISTICS - Micro data processing
Venezuela (Bolivarian Republic of),LFS - Household Sample Survey,Mean weekly hours actually worked per employee by sex and marital status,Sex: Female,Marital status (Detailed): Single,,2005,40.68,Break in series,,Break in series: Methodology revised,Repository: ILO-STATISTICS - Micro data processing
Venezuela (Bolivarian Republic of),LFS - Household Sample Survey,Mean weekly hours actually worked per employee by sex and marital status,Sex: Female,Marital status (Detailed): Married,,2005,38.86,Break in series,,Break in series: Methodology revised,Repository: ILO-STATISTICS - Micro data processing
Venezuela (Bolivarian Republic of),LFS - Household Sample Survey,Mean weekly hours actually worked per employee by sex and marital status,Sex: Female,Marital status (Detailed): Union / Cohabiting,,2005,40.17,Break in series,,Break in series: Methodology revised,Repository: ILO-STATISTICS - Micro data processing
Venezuela (Bolivarian Republic of),LFS - Household Sample Survey,Mean weekly hours actually worked per employee by sex and marital status,Sex: Female,Marital status (Detailed): Widowed,,2005,39.78,Break in series,,Break in series: Methodology revised,Repository: ILO-STATISTICS - Micro data processing
Venezuela (Bolivarian Republic of),LFS - Household Sample Survey,Mean weekly hours actually worked per employee by sex and marital status,Sex: Female,Marital status (Detailed): Divorced or legally separated,,2005,41.33,Break in series,,Break in series: Methodology revised,Repository: ILO-STATISTICS - Micro data processing
Venezuela (Bolivarian Republic of),LFS - Household Sample Survey,Mean weekly hours actually worked per employee by sex and marital status,Sex: Female,Marital status (Detailed): Not elsewhere classified,,2005,38.84,Break in series,,Break in series: Methodology revised,Repository: ILO-STATISTICS - Micro data processing
